timestamp_utc,coin_id,price_usd,total_volume_usd,social_volume_2025_05_23,sentiment_2025_05_23
2025-05-22 20:03:42,bitcoin,111245.07284170916,58109090444.18182,,
2025-05-22 21:03:42,bitcoin,111076.51799294353,57088641516.45229,,
2025-05-22 22:03:50,bitcoin,110917.0629991756,56236222592.19599,,
2025-05-22 23:01:26,bitcoin,111096.21954213972,56145354370.72126,,
2025-05-23 00:03:15,bitcoin,111579.1806415276,52182260040.93712,,
2025-05-23 01:04:19,bitcoin,111604.40010039735,47999355449.22984,,
2025-05-23 02:03:55,bitcoin,111345.65909033424,48173655653.15112,,
2025-05-23 03:03:30,bitcoin,111301.8553270824,47517320866.100685,,
2025-05-23 04:03:27,bitcoin,111146.66977450452,45208710093.25208,,
2025-05-23 05:03:17,bitcoin,110757.91950414388,43378954507.19781,,
2025-05-23 06:03:32,bitcoin,110797.56436221828,40923049606.63516,,
2025-05-23 07:03:24,bitcoin,110503.55628472356,40171355605.64299,,
2025-05-23 08:03:30,bitcoin,110707.81903717006,39410406419.69032,,
2025-05-23 09:03:21,bitcoin,110917.13857294312,38725932884.4921,,
2025-05-23 10:03:35,bitcoin,111253.45522870688,36408645905.720695,,
2025-05-23 11:03:31,bitcoin,111046.57686168964,37789420595.57935,,
2025-05-23 12:03:25,bitcoin,109897.47827053632,39153389180.42553,,
2025-05-23 13:03:32,bitcoin,108482.10601164782,43856329910.64223,,
2025-05-23 14:03:39,bitcoin,109275.65044825088,46715079771.188736,,
2025-05-23 15:00:01,bitcoin,109839.6038386153,46908216571.36788,,
2025-05-23 16:04:01,bitcoin,109423.79552995846,47009632020.07192,,
2025-05-23 17:08:09,bitcoin,109031.57767812967,48371607905.88711,,
2025-05-23 18:04:01,bitcoin,109512.70343609044,48242297557.04611,,
2025-05-23 19:03:54,bitcoin,108897.93222484984,48520528481.46604,,
2025-05-22 20:03:43,ethereum,2635.344826682365,31001563168.86798,,
2025-05-22 21:03:24,ethereum,2639.866804635847,30881032337.257866,,
2025-05-22 22:03:51,ethereum,2635.8168512789207,30820433416.75333,,
2025-05-22 23:03:44,ethereum,2642.0511487892027,30784725887.19893,,
2025-05-23 00:04:02,ethereum,2658.671246847256,29400559935.77073,,
2025-05-23 01:04:19,ethereum,2658.608714479224,28739042668.69729,,
2025-05-23 02:03:51,ethereum,2677.165258082105,28334060559.60485,,
2025-05-23 03:03:30,ethereum,2711.7479951291475,28017160273.20316,,
2025-05-23 04:03:30,ethereum,2720.75582018074,29429792870.597218,,
2025-05-23 05:03:12,ethereum,2693.6529145345285,28890080804.28153,,
2025-05-23 06:03:34,ethereum,2693.379924579047,28127087377.647903,,
2025-05-23 07:03:15,ethereum,2658.469916671048,28042487221.4278,,
2025-05-23 08:03:30,ethereum,2658.172565956373,27949883929.573475,,
2025-05-23 09:03:21,ethereum,2668.331596343401,26690841543.29972,,
2025-05-23 10:03:35,ethereum,2683.398544301925,25090229395.022377,,
2025-05-23 11:03:31,ethereum,2667.6448216820604,25989586777.650944,,
2025-05-23 12:03:29,ethereum,2593.8389122424887,26768373805.40933,,
2025-05-23 13:03:32,ethereum,2546.752667798416,28312349058.18223,,
2025-05-23 14:03:39,ethereum,2578.237730712244,30458253099.01941,,
2025-05-23 15:04:07,ethereum,2581.0918119877333,30302147161.103085,,
2025-05-23 16:04:02,ethereum,2575.173538289926,30809921718.699,,
2025-05-23 17:04:02,ethereum,2564.6157327839505,31085414028.34373,,
2025-05-23 18:04:01,ethereum,2578.2811166524302,30847049767.951687,,
2025-05-23 19:03:54,ethereum,2562.790648033313,31125877467.98475,,
2025-05-22 20:03:43,tether,1.000272057914328,94243494473.1406,,
2025-05-22 21:03:31,tether,1.000214684879006,92643483268.88107,,
2025-05-22 22:03:47,tether,1.0002037718283054,86432753450.7798,,
2025-05-22 23:03:32,tether,1.0002109510791215,57697543160.41725,,
2025-05-23 00:03:36,tether,1.0001768366658408,89572759369.89256,,
2025-05-23 01:03:56,tether,1.0001403287467934,88019057902.37985,,
2025-05-23 02:03:32,tether,1.0000896495139144,89441977321.3591,,
2025-05-23 03:03:28,tether,1.0000137944956726,88331399832.65544,,
2025-05-23 04:03:30,tether,0.9999535144807988,64962508909.71483,,
2025-05-23 05:03:24,tether,0.9999520515422484,61996688550.727325,,
2025-05-23 06:02:13,tether,0.9998968590133605,59752163923.305885,,
2025-05-23 07:00:13,tether,0.9998840034340256,79777696539.93713,,
2025-05-23 08:03:18,tether,0.9998375377977948,80871117551.63441,,
2025-05-23 09:03:17,tether,0.9998552643366564,79411823785.2684,,
2025-05-23 10:03:38,tether,0.9998353356247256,77453926175.83907,,
2025-05-23 11:03:13,tether,0.9998969145695902,58041868232.93808,,
2025-05-23 12:03:48,tether,0.9998733082284956,74193390028.27672,,
2025-05-23 13:02:37,tether,1.0000512038063696,84800850324.44286,,
2025-05-23 14:03:30,tether,1.0001150913577197,83661881497.83987,,
2025-05-23 15:01:07,tether,1.0001094435427396,93136751995.23122,,
2025-05-23 16:03:59,tether,1.0001680030350584,81947404690.18924,,
2025-05-23 17:08:21,tether,1.000089056738531,79428719593.2718,,
2025-05-23 18:03:51,tether,1.0001485651854063,88234186044.06352,,
2025-05-23 19:03:51,tether,1.0001568915219317,92404049921.499,,
2025-05-22 20:02:24,ripple,2.423063114256215,3623345870.727648,,
2025-05-22 21:03:23,ripple,2.423019861043137,3582634344.5200706,,
2025-05-22 22:03:47,ripple,2.41432574820951,3592847205.362966,,
2025-05-22 23:02:13,ripple,2.419811254496107,3577872220.4645467,,
2025-05-23 00:03:28,ripple,2.4291564324662285,3421374311.752011,,
2025-05-23 01:04:19,ripple,2.437299448034141,3416428101.3363447,,
2025-05-23 02:03:55,ripple,2.4519033155646897,3488686331.7386622,,
2025-05-23 03:03:31,ripple,2.4695143505617603,3617789791.919477,,
2025-05-23 04:03:30,ripple,2.4721977191534235,3646712733.431266,,
2025-05-23 05:03:25,ripple,2.4504678770863566,3646079875.474304,,
2025-05-23 06:03:33,ripple,2.453116906722762,3593134271.0176897,,
2025-05-23 07:03:24,ripple,2.427069646388419,3678893727.953782,,
2025-05-23 08:03:28,ripple,2.4242581323115457,3289143867.355061,,
2025-05-23 09:03:20,ripple,2.438156081046569,3190519057.914234,,
2025-05-23 10:03:36,ripple,2.4513656162426725,2931242963.9852123,,
2025-05-23 11:03:26,ripple,2.441954943030717,3014459763.343773,,
2025-05-23 12:03:29,ripple,2.405742554517908,3388655686.189641,,
2025-05-23 13:03:59,ripple,2.3452463195804496,3433884790.893113,,
2025-05-23 14:03:37,ripple,2.3646470903750005,3595258445.942041,,
2025-05-23 15:04:08,ripple,2.37834208533133,3649095884.9605904,,
2025-05-23 16:03:50,ripple,2.372143657311112,3668966136.488104,,
2025-05-23 17:08:32,ripple,2.359446266953538,3690844295.496057,,
2025-05-23 18:04:00,ripple,2.367464648050338,3682799730.992305,,
2025-05-23 19:03:53,ripple,2.356711535167527,3688284812.7024064,,
2025-05-22 20:03:56,binancecoin,679.9497156813264,1398600224.0625358,,
2025-05-22 21:03:18,binancecoin,679.8051886088967,1402458531.0519245,,
2025-05-22 22:03:51,binancecoin,681.6254881969888,1405857735.3338475,,
2025-05-22 23:03:39,binancecoin,683.84373977035,1402209971.526178,,
2025-05-23 00:04:02,binancecoin,686.0949845791495,1381941165.6933844,,
2025-05-23 01:04:02,binancecoin,685.511690622578,1109986339.7586,,
2025-05-23 02:03:30,binancecoin,686.6247026998383,1349192512.4796836,,
2025-05-23 03:01:42,binancecoin,689.291076953794,1297044051.7993217,,
2025-05-23 04:03:25,binancecoin,688.8649298770778,1188772917.901886,,
2025-05-23 05:03:17,binancecoin,686.0912550061654,1166901316.3835568,,
2025-05-23 06:03:27,binancecoin,687.3363093789209,1160001933.563127,,
2025-05-23 07:03:16,binancecoin,684.2178468771828,1170452055.6504154,,
2025-05-23 08:03:42,binancecoin,683.8571782070206,1150743651.120678,,
2025-05-23 09:03:41,binancecoin,683.8704049631464,1137320524.5939896,,
2025-05-23 10:03:15,binancecoin,685.6207318838542,894095282.9689906,,
2025-05-23 11:03:30,binancecoin,683.7846269883378,1069904982.283978,,
2025-05-23 12:03:26,binancecoin,677.4954222888731,1063166804.424968,,
2025-05-23 13:03:33,binancecoin,664.8894644614473,1239151939.2763655,,
2025-05-23 14:02:12,binancecoin,668.655289508611,1261634239.9537013,,
2025-05-23 15:04:00,binancecoin,673.7841529596823,1028735031.0550116,,
2025-05-23 16:03:56,binancecoin,671.8303061003444,1254140197.6922553,,
2025-05-23 17:03:48,binancecoin,668.3355352847386,1227558655.9470558,,
2025-05-23 18:03:54,binancecoin,669.8662335028997,1228385085.3315976,,
2025-05-23 19:03:55,binancecoin,667.5850983044129,1213198954.8158772,,
2025-05-22 20:03:26,usd-coin,0.9998019571559,15121000582.162443,,
2025-05-22 21:00:58,usd-coin,0.9998187673034392,14887593868.252531,,
2025-05-22 22:03:46,usd-coin,0.9997786841364008,15484853804.542454,,
2025-05-22 23:03:24,usd-coin,0.9997903140936656,10604020839.570028,,
2025-05-23 00:03:34,usd-coin,0.99980501072261,14108940690.965445,,
2025-05-23 01:04:20,usd-coin,0.99980379179667,7976949623.878586,,
2025-05-23 02:03:09,usd-coin,0.9998058248583898,11001229169.440536,,
2025-05-23 03:03:48,usd-coin,0.9998155474846226,13934094342.647371,,
2025-05-23 04:03:35,usd-coin,0.9998061412010218,13499609260.336329,,
2025-05-23 05:03:21,usd-coin,0.9997701213903856,13383926346.329824,,
2025-05-23 06:03:25,usd-coin,0.9997154390895931,9141870894.886627,,
2025-05-23 07:00:20,usd-coin,0.9997333947523118,10155624742.03452,,
2025-05-23 08:03:12,usd-coin,0.9997688565977976,13177282810.59637,,
2025-05-23 09:01:50,usd-coin,0.9997529615686503,13254690990.594326,,
2025-05-23 10:03:38,usd-coin,0.9997947332901064,9448030241.737633,,
2025-05-23 11:03:25,usd-coin,0.9997892947562188,12913679370.548763,,
2025-05-23 12:02:06,usd-coin,0.999809735753985,12753950361.757416,,
2025-05-23 13:03:26,usd-coin,0.9997798949801396,13694709484.727524,,
2025-05-23 14:00:56,usd-coin,0.9997991073563628,10403926040.240175,,
2025-05-23 15:00:41,usd-coin,0.9998140907170872,14507123681.693142,,
2025-05-23 16:00:59,usd-coin,0.9998132412417438,14584565222.254808,,
2025-05-23 17:03:48,usd-coin,0.999778234346318,14947165949.51071,,
2025-05-23 18:03:59,usd-coin,0.9998056730898768,15649049712.199158,,
2025-05-23 19:03:39,usd-coin,0.9998229436311838,15315879234.101131,,
2025-05-22 20:03:18,solana,178.10606784561108,5648907443.571552,,
2025-05-22 21:03:22,solana,178.3134650945892,6124676154.055443,,
2025-05-22 22:03:50,solana,178.1846340170379,6160900853.310488,,
2025-05-22 23:03:27,solana,178.7463829127216,6157344125.431711,,
2025-05-23 00:04:02,solana,179.58278699443397,5790080901.052154,,
2025-05-23 01:04:18,solana,180.63212571723557,5801755225.038772,,
2025-05-23 02:03:51,solana,182.54895224752852,5781934722.518839,,
2025-05-23 03:03:31,solana,184.03621255470577,6067462619.435166,,
2025-05-23 04:03:26,solana,184.76152556704287,6100182362.554504,,
2025-05-23 05:03:28,solana,182.53375915945364,5997199095.584212,,
2025-05-23 06:03:34,solana,181.97965295147475,5898933497.446102,,
2025-05-23 07:03:22,solana,180.4624291237748,5898327429.419314,,
2025-05-23 08:03:28,solana,182.5455133284024,6042932328.746915,,
2025-05-23 09:03:20,solana,186.0765608907228,5268140166.734801,,
2025-05-23 10:03:38,solana,186.7908564772405,5281230101.794127,,
2025-05-23 11:03:27,solana,186.1624022343852,5286856178.70904,,
2025-05-23 12:03:26,solana,181.08822497350147,6336347572.516986,,
2025-05-23 13:03:30,solana,176.91025671793943,6548520580.555624,,
2025-05-23 14:03:34,solana,178.84117750893972,7633894681.193627,,
2025-05-23 15:00:00,solana,182.21526254526367,7811920135.326395,,
2025-05-23 16:04:01,solana,182.14760769539924,7844300655.26066,,
2025-05-23 17:02:27,solana,180.95038040813347,8070088140.742448,,
2025-05-23 18:03:59,solana,181.39825176960443,8146037311.588128,,
2025-05-23 19:03:53,solana,179.79971833362603,8357375440.416034,,
2025-05-22 20:03:33,tron,0.2764030470502908,1216693032.0078807,,
2025-05-22 21:02:01,tron,0.2750393702459958,1002890121.187626,,
2025-05-22 22:03:28,tron,0.2746825688232922,1220035760.6710622,,
2025-05-22 23:03:24,tron,0.274355438431422,1211500342.0372734,,
2025-05-23 00:03:55,tron,0.2750729866954202,1189275993.9485426,,
2025-05-23 01:04:04,tron,0.2741929919842104,1193804676.7967143,,
2025-05-23 02:03:28,tron,0.2738422481620135,1176719622.547253,,
2025-05-23 03:03:22,tron,0.2742859110140144,1177860946.898558,,
2025-05-23 04:03:26,tron,0.275286950542827,1174636147.31353,,
2025-05-23 05:01:26,tron,0.2734735822476898,1161923693.9662778,,
2025-05-23 06:00:25,tron,0.2735075553022321,1163906730.2621734,,
2025-05-23 07:03:12,tron,0.2739341184041032,1195271042.6012335,,
2025-05-23 08:03:12,tron,0.2733100990403308,1175862474.466573,,
2025-05-23 09:03:19,tron,0.2750780505809673,1194934990.096648,,
2025-05-23 10:03:47,tron,0.2753665270168547,1133514180.3661878,,
2025-05-23 11:01:03,tron,0.2733630739862818,1110602939.9573195,,
2025-05-23 12:03:45,tron,0.2685379758986872,1111266494.1608648,,
2025-05-23 13:03:42,tron,0.2661183049219533,1118439416.4892716,,
2025-05-23 14:03:30,tron,0.2668331900143736,1093608474.9959755,,
2025-05-23 15:04:04,tron,0.2677883418605796,1070078615.2824768,,
2025-05-23 16:04:01,tron,0.2678346822465791,1043078255.1642,,
2025-05-23 17:08:32,tron,0.267999529533758,1034489408.4247816,,
2025-05-23 18:03:52,tron,0.2696658583750526,1034941212.6278358,,
2025-05-23 19:03:16,tron,0.2699510517312574,1046396997.5614848,,
2025-05-22 20:03:31,dogecoin,0.2395094633219789,2979753349.0642767,,
2025-05-22 21:03:33,dogecoin,0.2400816799663878,2979653647.891808,,
2025-05-22 22:03:51,dogecoin,0.2390625684351296,2985816931.4733205,,
2025-05-22 23:03:11,dogecoin,0.2417924167378087,3025759487.629814,,
2025-05-23 00:01:36,dogecoin,0.2449577559769001,2939176567.608811,,
2025-05-23 01:03:37,dogecoin,0.2457029223781578,2968576756.3522468,,
2025-05-23 02:03:53,dogecoin,0.2478686427850669,2805549107.5597425,,
2025-05-23 03:03:20,dogecoin,0.251408152095428,2890388347.7759438,,
2025-05-23 04:03:23,dogecoin,0.2509097649873686,2950598711.790821,,
2025-05-23 05:03:19,dogecoin,0.2473507780290701,2967357229.994334,,
2025-05-23 06:03:19,dogecoin,0.2474550749475079,2980975590.268154,,
2025-05-23 07:03:28,dogecoin,0.2440616638811115,2993154462.641131,,
2025-05-23 08:03:25,dogecoin,0.2445809042894834,3010299014.0887327,,
2025-05-23 09:03:19,dogecoin,0.2451276934133905,2760628844.7398305,,
2025-05-23 10:03:30,dogecoin,0.2484571894754014,2895656977.868944,,
2025-05-23 11:03:13,dogecoin,0.2465269746503421,2747571334.904773,,
2025-05-23 12:03:41,dogecoin,0.2391551209008624,2974127157.8202195,,
2025-05-23 13:03:55,dogecoin,0.2327529332415888,3124270683.319657,,
2025-05-23 14:03:30,dogecoin,0.2348553467664891,3427419782.37156,,
2025-05-23 15:00:53,dogecoin,0.2378928175533008,3612755123.815143,,
2025-05-23 16:03:37,dogecoin,0.2372163092873321,3601838144.3156867,,
2025-05-23 17:05:27,dogecoin,0.2342463953006491,3564617548.3779545,,
2025-05-23 18:03:59,dogecoin,0.2355464748868292,3419069322.596474,,
2025-05-23 19:03:41,dogecoin,0.2350193490939796,3648965548.088526,,
2025-05-22 20:01:44,whitebit,31.815760526731225,52485663.76918582,,
2025-05-22 21:01:41,whitebit,31.81089507452603,77601827.72000498,,
2025-05-22 22:01:42,whitebit,31.782433991345957,77498421.08404098,,
2025-05-22 23:01:37,whitebit,31.80378629134496,55768016.776858255,,
2025-05-23 00:03:31,whitebit,31.86584974372063,67252064.57679406,,
2025-05-23 01:03:48,whitebit,31.84985113441065,42192990.95913818,,
2025-05-23 02:03:26,whitebit,31.793975239885828,41492242.61684882,,
2025-05-23 03:03:30,whitebit,31.753345639314,70359330.20498557,,
2025-05-23 04:03:23,whitebit,31.739106548322937,48114813.56652683,,
2025-05-23 05:03:14,whitebit,31.7355173432014,52233566.95977254,,
2025-05-23 06:03:23,whitebit,31.728791387314807,42465348.51174208,,
2025-05-23 07:03:12,whitebit,31.71580265362321,37286511.80842461,,
2025-05-23 08:03:42,whitebit,31.77448292306337,50598140.817690894,,
2025-05-23 09:03:33,whitebit,31.835316135946588,63467426.936189786,,
2025-05-23 10:03:39,whitebit,32.026585285841065,63724267.1143094,,
2025-05-23 11:03:40,whitebit,32.05077980111015,63622192.544879645,,
2025-05-23 12:03:57,whitebit,31.98224701543301,58894919.9338278,,
2025-05-23 13:04:02,whitebit,31.92240663496336,58087076.87036192,,
2025-05-23 14:03:38,whitebit,31.95246152361064,57139117.3408088,,
2025-05-23 15:03:44,whitebit,31.992500835192747,52913810.31560708,,
2025-05-23 16:04:01,whitebit,31.86846275279597,49443399.7956805,,
2025-05-23 17:08:28,whitebit,31.88228826302237,63919768.6196916,,
2025-05-23 18:03:56,whitebit,31.90487651844565,62090385.911912754,,
2025-05-23 19:02:25,whitebit,31.8365424225318,60243258.26748906,,
2025-05-22 20:03:27,usds,0.9998361506393002,16166474.69374882,,
2025-05-22 21:03:18,usds,0.9998671130144852,14331595.01654387,,
2025-05-22 22:03:37,usds,0.9997910976421334,15373726.76876364,,
2025-05-22 23:03:37,usds,0.9996777460478866,15035690.138299469,,
2025-05-23 00:03:56,usds,0.9996994781241731,13041136.368087493,,
2025-05-23 01:03:46,usds,0.9997053331899116,12877305.864719553,,
2025-05-23 02:03:25,usds,0.9997261921717722,15056308.263692727,,
2025-05-23 03:03:28,usds,0.9995847902494052,15035326.14999685,,
2025-05-23 04:03:34,usds,0.9997759037249712,14700387.47192673,,
2025-05-23 05:03:25,usds,0.999705372985078,15691875.673056444,,
2025-05-23 06:03:20,usds,0.9997475320131284,14639466.568167336,,
2025-05-23 07:03:31,usds,0.9998333384779924,15724689.667260813,,
2025-05-23 08:03:23,usds,0.9998495906629368,17289338.39716234,,
2025-05-23 09:03:13,usds,0.9997507288843572,16628201.518291429,,
2025-05-23 10:03:14,usds,0.9998281587133412,17762482.655787267,,
2025-05-23 11:03:15,usds,0.9998394732607806,17602151.47871694,,
2025-05-23 12:03:31,usds,0.9998441467859392,17780821.687199943,,
2025-05-23 13:03:30,usds,0.9997190097953056,19332352.20111429,,
2025-05-23 14:03:37,usds,0.9998095434207438,19498791.36344939,,
2025-05-23 15:03:46,usds,0.9998236729098912,19594658.3515361,,
2025-05-23 16:04:02,usds,0.999824865904999,19337185.33195423,,
2025-05-23 17:03:18,usds,0.9996948450770824,19444344.827982657,,
2025-05-23 18:03:51,usds,0.9998454704473172,20084318.819487467,,
2025-05-23 19:03:20,usds,0.9998216432539828,20702488.254424617,,
2025-05-22 20:03:22,cardano,0.8016743827647674,1099785433.1693416,,
2025-05-22 21:03:30,cardano,0.8012200157655129,1067558102.7138108,,
2025-05-22 22:03:28,cardano,0.8009472302376502,1103498510.6483514,,
2025-05-22 23:03:31,cardano,0.8040862464106352,985205537.660552,,
2025-05-23 00:03:30,cardano,0.8079376687628252,1067499615.5159588,,
2025-05-23 01:01:49,cardano,0.811547239393174,1063867770.6462636,,
2025-05-23 02:03:27,cardano,0.8152271292375378,1077391450.6133237,,
2025-05-23 03:03:30,cardano,0.8255785269373558,1103281636.4942482,,
2025-05-23 04:03:27,cardano,0.8312632191941586,1118187076.5915954,,
2025-05-23 05:03:18,cardano,0.8239002732706631,1158549386.4759786,,
2025-05-23 06:03:27,cardano,0.8224227657992789,1179072931.9524732,,
2025-05-23 07:03:17,cardano,0.810992088167464,1178850103.2700431,,
2025-05-23 08:03:29,cardano,0.8115058807461355,1185003914.7981908,,
2025-05-23 09:03:21,cardano,0.8151474774782078,1143014174.7837706,,
2025-05-23 10:03:29,cardano,0.823604958561503,1069096231.4961984,,
2025-05-23 11:03:13,cardano,0.8166025653208161,1065822510.6859498,,
2025-05-23 12:03:41,cardano,0.7949633798507512,1150077406.3272388,,
2025-05-23 13:03:41,cardano,0.7729264620853755,1244220617.8342292,,
2025-05-23 14:03:22,cardano,0.7812591771461768,1339547543.7297218,,
2025-05-23 15:04:06,cardano,0.7879262832448805,1354697681.0027282,,
2025-05-23 16:04:02,cardano,0.7842779564861251,1309749445.4478517,,
2025-05-23 17:08:31,cardano,0.778370420149062,1321957840.5785265,,
2025-05-23 18:03:57,cardano,0.7815438989423262,1323005587.3033738,,
2025-05-23 19:03:39,cardano,0.7765510459183207,1339812402.7784228,,
2025-05-22 20:03:19,bitcoin-cash,436.4757228944868,449101755.678095,,
2025-05-22 21:03:35,bitcoin-cash,435.82340094440445,451178511.0432929,,
2025-05-22 22:03:41,bitcoin-cash,439.1801079258224,459828022.144124,,
2025-05-22 23:03:39,bitcoin-cash,442.9403373508477,477371142.771898,,
2025-05-23 00:04:00,bitcoin-cash,444.67355566010696,488166082.6939806,,
2025-05-23 01:00:52,bitcoin-cash,447.32201063491374,485493379.3008155,,
2025-05-23 02:00:44,bitcoin-cash,445.5023100124632,482651945.2029533,,
2025-05-23 03:03:56,bitcoin-cash,451.4246256657769,488833896.77656335,,
2025-05-23 04:03:28,bitcoin-cash,453.1852649991015,480837724.2436373,,
2025-05-23 05:02:27,bitcoin-cash,448.87801149864737,475185191.8094336,,
2025-05-23 06:03:32,bitcoin-cash,449.7990410193066,468064997.6087735,,
2025-05-23 07:03:18,bitcoin-cash,440.12508964898086,484938098.46106255,,
2025-05-23 08:03:23,bitcoin-cash,436.99746020218856,499314232.354863,,
2025-05-23 09:02:07,bitcoin-cash,437.84178181348784,491376835.2062321,,
2025-05-23 10:03:04,bitcoin-cash,441.7689689292756,451497927.7910832,,
2025-05-23 11:03:17,bitcoin-cash,441.23922306982456,415444738.7697075,,
2025-05-23 12:03:41,bitcoin-cash,434.4550704709358,422558874.8356089,,
2025-05-23 13:03:46,bitcoin-cash,431.3104973541237,430774232.6100538,,
2025-05-23 14:03:34,bitcoin-cash,437.0711315103724,448462857.2393986,,
2025-05-23 15:03:32,bitcoin-cash,443.5701722374732,445614075.5221233,,
2025-05-23 16:03:36,bitcoin-cash,444.283210573229,443593659.9591544,,
2025-05-23 17:05:26,bitcoin-cash,444.23358074802576,446950040.3660161,,
2025-05-23 18:03:54,bitcoin-cash,444.3857193390941,452314887.4115539,,
2025-05-23 19:03:48,bitcoin-cash,442.4977380661146,455605854.6894556,,
2025-05-22 20:03:37,hyperliquid,32.93238863387349,463123541.8563888,,
2025-05-22 21:03:40,hyperliquid,32.66394333719008,479786701.4415594,,
2025-05-22 22:03:51,hyperliquid,32.45986491077082,487928280.034546,,
2025-05-22 23:03:26,hyperliquid,32.96990625936686,492620205.652068,,
2025-05-23 00:04:02,hyperliquid,33.27644603986617,486791173.9252955,,
2025-05-23 01:03:56,hyperliquid,33.18400091120242,483281435.3772817,,
2025-05-23 02:03:36,hyperliquid,34.57769139436852,485307699.9409005,,
2025-05-23 03:03:31,hyperliquid,35.32182376801979,489140192.6521096,,
2025-05-23 04:03:24,hyperliquid,35.55565665265119,488985395.6312954,,
2025-05-23 05:03:16,hyperliquid,34.66835170435387,492064177.4457045,,
2025-05-23 06:03:33,hyperliquid,34.86105368206138,498258583.6581743,,
2025-05-23 07:03:12,hyperliquid,35.10314866599348,497621846.7632838,,
2025-05-23 08:03:43,hyperliquid,34.896859174365744,493152892.4508796,,
2025-05-23 09:03:49,hyperliquid,35.26040022159591,488692211.3323362,,
2025-05-23 10:03:55,hyperliquid,36.02740156783829,481184048.5923216,,
2025-05-23 11:03:43,hyperliquid,36.882023091091725,507520813.3739928,,
2025-05-23 12:03:39,hyperliquid,35.88426902551811,528187755.3452119,,
2025-05-23 13:03:30,hyperliquid,35.2959247474617,574396287.4038469,,
2025-05-23 14:03:21,hyperliquid,35.664521685699945,592316576.2152474,,
2025-05-23 15:04:06,hyperliquid,36.241601324893466,613746431.0137246,,
2025-05-23 16:04:02,hyperliquid,35.29287060235554,602432020.3526682,,
2025-05-23 17:08:31,hyperliquid,34.63917485305866,603924172.5279597,,
2025-05-23 18:03:59,hyperliquid,34.809446161451135,596461560.0361297,,
2025-05-23 19:03:50,hyperliquid,34.27598622823471,573732423.1406311,,
2025-05-22 20:03:57,leo-token,8.867432560710494,4734567.461204415,,
2025-05-22 21:03:55,leo-token,8.911200918600281,5039987.058833599,,
2025-05-22 22:03:53,leo-token,8.902890804429164,5056776.824479046,,
2025-05-22 23:03:49,leo-token,8.912359573005029,5085497.399377283,,
2025-05-23 00:04:01,leo-token,8.913240606925001,4894823.831448744,,
2025-05-23 01:04:06,leo-token,8.893146044850676,5075372.805104099,,
2025-05-23 02:03:43,leo-token,8.885170837533838,5027889.253292613,,
2025-05-23 03:03:46,leo-token,8.885862116861874,5210952.10729371,,
2025-05-23 04:03:47,leo-token,8.874017036317753,5273871.81118604,,
2025-05-23 05:03:06,leo-token,8.870901137485985,5282073.181973752,,
2025-05-23 06:03:02,leo-token,8.872848019873496,5225128.98625884,,
2025-05-23 07:02:52,leo-token,8.864127903700545,5251844.974163777,,
2025-05-23 08:03:21,leo-token,8.864078021708604,5202633.501262765,,
2025-05-23 09:03:36,leo-token,8.865013320783554,4961891.432082088,,
2025-05-23 10:03:42,leo-token,8.798184711608068,4809705.871343555,,
2025-05-23 11:03:31,leo-token,8.793442124388276,4812598.249348987,,
2025-05-23 12:03:47,leo-token,8.791433159807648,5139999.751224954,,
2025-05-23 13:03:46,leo-token,8.783192259580716,6025128.479335338,,
2025-05-23 14:03:20,leo-token,8.808579193648246,6253183.875662095,,
2025-05-23 15:03:29,leo-token,8.811342549929728,6133370.729399416,,
2025-05-23 16:03:50,leo-token,8.763392075595252,6037126.275995732,,
2025-05-23 17:08:17,leo-token,8.783779720632394,6038116.559826799,,
2025-05-23 18:03:45,leo-token,8.786638323769978,6068049.514091036,,
2025-05-23 19:03:43,leo-token,8.7912592691968,6144276.358749719,,
2025-05-22 20:03:25,chainlink,16.665315472881684,686691014.4434603,,
2025-05-22 21:03:19,chainlink,16.673040751700583,683817156.4865292,,
2025-05-22 22:03:45,chainlink,16.580885984118865,684102512.8418022,,
2025-05-22 23:03:46,chainlink,16.684323125815645,691799945.505257,,
2025-05-23 00:03:57,chainlink,16.74252043520055,663982304.6616317,,
2025-05-23 01:04:05,chainlink,16.693939246988062,658089119.6259379,,
2025-05-23 02:03:54,chainlink,16.757516665296873,663723643.1188803,,
2025-05-23 03:03:30,chainlink,17.005934580279366,682772880.0954174,,
2025-05-23 04:03:40,chainlink,17.093408594177436,684794014.6576649,,
2025-05-23 05:03:31,chainlink,16.880453593720027,683096589.7186551,,
2025-05-23 06:03:28,chainlink,16.91317417062027,680166729.5642658,,
2025-05-23 07:03:16,chainlink,16.656855596736467,685338303.8416885,,
2025-05-23 08:03:14,chainlink,16.712512738232483,666782397.7000084,,
2025-05-23 09:03:02,chainlink,16.80792688489076,646329120.9511226,,
2025-05-23 10:03:36,chainlink,17.008581472072525,651599465.0791625,,
2025-05-23 11:03:19,chainlink,17.03841032371585,652547036.5532753,,
2025-05-23 12:04:01,chainlink,16.586018366834534,668849541.9214019,,
2025-05-23 13:03:26,chainlink,16.128497997212577,758638034.7874663,,
2025-05-23 14:03:29,chainlink,16.283044561428294,788572376.5473725,,
2025-05-23 15:03:30,chainlink,16.39152705179937,786271771.6615083,,
2025-05-23 16:01:07,chainlink,16.335199991920614,765219986.8078312,,
2025-05-23 17:08:32,chainlink,16.211776887985856,745662925.1360916,,
2025-05-23 18:01:38,chainlink,16.263565990212904,743579776.785092,,
2025-05-23 19:03:26,chainlink,16.138871116344205,759478689.3988163,,
2025-05-22 20:03:54,monero,398.8867491546845,186419206.534104,,
2025-05-22 21:03:38,monero,401.3947786338465,176426401.09037185,,
2025-05-22 22:03:20,monero,395.94445956958265,172996406.83848,,
2025-05-22 23:03:13,monero,389.5971962966199,167342704.91095203,,
2025-05-23 00:04:01,monero,388.205982957383,166865283.04502854,,
2025-05-23 01:03:52,monero,381.56697446213576,166452773.51100814,,
2025-05-23 02:03:25,monero,378.029401013178,165956912.3730595,,
2025-05-23 03:03:36,monero,385.0395880446495,159299817.24647465,,
2025-05-23 04:03:34,monero,387.1530881791993,161027844.52279198,,
2025-05-23 05:03:25,monero,389.1067010288677,160130581.97974187,,
2025-05-23 06:03:32,monero,390.4301947327984,156538653.55770308,,
2025-05-23 07:03:18,monero,391.406567907369,156985543.78399998,,
2025-05-23 08:02:21,monero,391.0383503721608,156515333.76578388,,
2025-05-23 09:02:04,monero,392.6292143424012,156815821.5339087,,
2025-05-23 10:03:42,monero,396.33445806573496,156039662.63369086,,
2025-05-23 11:03:13,monero,394.2852469276315,155602027.34303573,,
2025-05-23 12:03:28,monero,391.2743456232109,152873879.90881723,,
2025-05-23 13:03:55,monero,391.1076973208604,152178313.26449332,,
2025-05-23 14:02:55,monero,395.9835176401504,150687874.20166585,,
2025-05-23 15:04:04,monero,399.35743600169167,147424301.83958158,,
2025-05-23 16:03:50,monero,396.98815808164846,146665550.83143157,,
2025-05-23 17:02:05,monero,395.43289148435633,147237223.86103395,,
2025-05-23 18:00:08,monero,398.1835040823023,144638932.66620368,,
2025-05-23 19:03:33,monero,400.2848374200644,145590994.86833525,,
2025-05-22 20:03:31,ethena-usde,1.0001475607575565,110188869.9404904,,
2025-05-22 21:03:01,ethena-usde,1.0004929765608437,108985175.88077702,,
2025-05-22 22:03:06,ethena-usde,1.000577596202462,108636101.52905834,,
2025-05-22 23:03:11,ethena-usde,1.000535567103181,107500425.178728,,
2025-05-23 00:03:31,ethena-usde,1.0010456936040388,103499919.8795655,,
2025-05-23 01:04:13,ethena-usde,1.0000365798602853,103818388.9009959,,
2025-05-23 02:03:49,ethena-usde,1.0008389071863553,95002673.4262694,,
2025-05-23 03:02:32,ethena-usde,1.0025514952333632,95028074.19173124,,
2025-05-23 04:03:45,ethena-usde,1.0000942189973392,95462414.37853648,,
2025-05-23 05:03:23,ethena-usde,1.0001161159510237,93894101.212158,,
2025-05-23 06:03:18,ethena-usde,1.0004739588564655,96405468.6181645,,
2025-05-23 07:03:29,ethena-usde,1.0006533396785622,96561781.41481768,,
2025-05-23 08:03:25,ethena-usde,0.9997708929431792,97377150.36739103,,
2025-05-23 09:03:30,ethena-usde,1.0002717593379085,96070685.82740109,,
2025-05-23 10:03:16,ethena-usde,1.0006471648977813,95903686.7359354,,
2025-05-23 11:03:45,ethena-usde,1.0006618958927087,91788660.49066427,,
2025-05-23 12:04:02,ethena-usde,0.9999785632724606,95276989.49077354,,
2025-05-23 13:02:47,ethena-usde,1.000305567470681,102523030.47796357,,
2025-05-23 14:03:34,ethena-usde,1.0008653532038525,103160023.2810772,,
2025-05-23 15:03:43,ethena-usde,1.0011159848654614,105266457.3758995,,
2025-05-23 16:03:35,ethena-usde,1.0009681315025285,105302288.0139479,,
2025-05-23 17:00:23,ethena-usde,1.001167661386864,107258864.1688288,,
2025-05-23 18:03:44,ethena-usde,1.000191814797417,107448039.44943054,,
2025-05-23 19:03:21,ethena-usde,1.0004139277045572,104810115.57780382,,
2025-05-22 20:03:24,stellar,0.3029566504139463,272719905.8242807,,
2025-05-22 21:03:24,stellar,0.3024963999265002,272308783.6032091,,
2025-05-22 22:03:30,stellar,0.3014574530074736,277276049.7794495,,
2025-05-22 23:03:19,stellar,0.302246052374983,277386903.790616,,
2025-05-23 00:04:01,stellar,0.3038670015402902,269785874.94696826,,
2025-05-23 01:04:06,stellar,0.3044658330928287,270664619.62667096,,
2025-05-23 02:03:48,stellar,0.3059169215206097,267886781.8674117,,
2025-05-23 03:03:55,stellar,0.3092496406395013,279578622.94361526,,
2025-05-23 04:03:23,stellar,0.3092916492730959,282588162.9247953,,
2025-05-23 05:03:24,stellar,0.3059433179152101,279574582.73507494,,
2025-05-23 06:03:13,stellar,0.3047065234586865,290402293.1264922,,
2025-05-23 07:01:25,stellar,0.3009118751381833,303803346.56946164,,
2025-05-23 08:03:17,stellar,0.3013555724414324,306692994.1484386,,
2025-05-23 09:03:11,stellar,0.3034362213892217,310800439.4789643,,
2025-05-23 10:03:16,stellar,0.3052955272726928,291154186.7969267,,
2025-05-23 11:02:26,stellar,0.3035550066156093,290025099.0542562,,
2025-05-23 12:03:29,stellar,0.296113765126339,302965038.9840023,,
2025-05-23 13:03:59,stellar,0.2900235122131054,327858660.71873873,,
2025-05-23 14:03:14,stellar,0.2924092683503258,338011996.5591496,,
2025-05-23 15:04:04,stellar,0.29423775695416,339649326.8898368,,
2025-05-23 16:04:01,stellar,0.2940569892929423,331228310.31119096,,
2025-05-23 17:04:14,stellar,0.2927116472441665,332187991.43153924,,
2025-05-23 18:04:00,stellar,0.2947227549606853,327503800.13297164,,
2025-05-23 19:02:33,stellar,0.2926763808582123,338197016.32920605,,
2025-05-22 20:03:37,usd1-wlfi,1.0006203325886878,181240442.9288283,,
2025-05-22 21:03:28,usd1-wlfi,1.00036464679866,192285156.27471164,,
2025-05-22 22:03:37,usd1-wlfi,1.0004941801548224,194631536.96383363,,
2025-05-22 23:03:33,usd1-wlfi,1.0005380133177215,206884342.92938456,,
2025-05-23 00:03:48,usd1-wlfi,1.0003350612038238,181444681.24123928,,
2025-05-23 01:04:07,usd1-wlfi,1.0000542833043762,197281657.1010844,,
2025-05-23 02:03:43,usd1-wlfi,0.9989972113572044,195557480.7697637,,
2025-05-23 03:03:36,usd1-wlfi,1.000182499663182,178501783.37269378,,
2025-05-23 04:03:23,usd1-wlfi,0.9999258885039232,177014437.62531292,,
2025-05-23 05:03:14,usd1-wlfi,1.0010520267139742,165398841.2444673,,
2025-05-23 06:03:35,usd1-wlfi,0.9986497121115174,162767484.88636908,,
2025-05-23 07:03:45,usd1-wlfi,0.9999243783559558,144841473.14104074,,
2025-05-23 08:03:24,usd1-wlfi,1.001116537939794,167528401.00727576,,
2025-05-23 09:03:28,usd1-wlfi,0.9993653016624604,162878623.20902348,,
2025-05-23 10:03:31,usd1-wlfi,0.995721572100629,952570234.174204,,
2025-05-23 11:03:21,usd1-wlfi,1.0004466083504913,857462559.5497209,,
2025-05-23 12:03:24,usd1-wlfi,1.0065985024057678,747702817.4087276,,
2025-05-23 13:03:23,usd1-wlfi,0.9997859840129684,665243275.3810494,,
2025-05-23 14:03:36,usd1-wlfi,0.9999137446056308,70252883.21176377,,
2025-05-23 15:03:45,usd1-wlfi,0.9983670939234248,676681035.6975721,,
2025-05-23 16:03:43,usd1-wlfi,1.000495681875203,703314916.802182,,
2025-05-23 17:08:07,usd1-wlfi,0.9988997249703992,708312616.963529,,
2025-05-23 18:03:38,usd1-wlfi,0.9993712872918744,685054737.1815758,,
2025-05-23 19:03:17,usd1-wlfi,1.001347881866698,649590655.1096861,,
2025-05-22 20:03:46,dai,0.99983293368678,125859246.31048724,,
2025-05-22 21:03:43,dai,0.9999270205759392,123995598.6875658,,
2025-05-22 22:03:35,dai,0.9999172603053642,130383246.06490035,,
2025-05-22 23:03:35,dai,0.9998660513068643,128204477.1610021,,
2025-05-23 00:03:33,dai,0.9999151761761764,127529059.4150907,,
2025-05-23 01:04:01,dai,0.9998697022811596,115426772.39125656,,
2025-05-23 02:03:38,dai,0.999780571203871,158265418.38989317,,
2025-05-23 03:03:48,dai,0.9999859980485768,124116966.00653017,,
2025-05-23 04:03:41,dai,0.9997007950524514,127047238.4184534,,
2025-05-23 05:03:10,dai,1.000063693084228,132782628.40566564,,
2025-05-23 06:03:05,dai,0.9996988253355464,143385633.8765504,,
2025-05-23 07:03:16,dai,0.9996979637932908,140590960.91518208,,
2025-05-23 08:03:27,dai,1.000066863935274,143820959.4233235,,
2025-05-23 09:03:32,dai,0.9993363691778662,162296304.8494944,,
2025-05-23 10:03:32,dai,0.9995678388532684,142591040.42841414,,
2025-05-23 11:03:33,dai,0.9997340701898368,126201161.8596484,,
2025-05-23 12:03:50,dai,0.9997004855226896,131188330.30711617,,
2025-05-23 13:03:49,dai,1.0000507604064837,135598356.89715442,,
2025-05-23 14:03:41,dai,0.9997439186953286,153244188.47735208,,
2025-05-23 15:03:50,dai,0.999823050212202,145232624.48841113,,
2025-05-23 16:03:50,dai,1.0000658787529335,176098826.79556718,,
2025-05-23 17:08:17,dai,0.999979946039387,124349426.86464496,,
2025-05-23 18:00:37,dai,0.9998836837271088,177444603.35083002,,
2025-05-23 19:03:44,dai,1.000268153417354,167457218.80041865,,
2025-05-22 20:02:21,litecoin,99.78294002143382,681849887.1476508,,
2025-05-22 21:03:21,litecoin,99.44100524804038,680743040.5018528,,
2025-05-22 22:03:33,litecoin,99.56336003769168,683923836.1465019,,
2025-05-22 23:03:25,litecoin,100.51554390266476,697896331.9664108,,
2025-05-23 00:04:00,litecoin,100.36570360603694,691675546.3352036,,
2025-05-23 01:03:46,litecoin,100.4327199214532,696239811.2072455,,
2025-05-23 02:03:50,litecoin,100.84962531787468,684367025.1637444,,
2025-05-23 03:03:54,litecoin,102.09114616009651,662272873.829871,,
2025-05-23 04:03:24,litecoin,101.9718461946388,679499913.4316444,,
2025-05-23 05:01:38,litecoin,101.23437462303303,659027049.5615215,,
2025-05-23 06:03:25,litecoin,101.18037311969344,653539746.6964262,,
2025-05-23 07:03:20,litecoin,100.09293001128572,649669298.6131121,,
2025-05-23 08:03:18,litecoin,100.27725715146798,645066954.7159894,,
2025-05-23 09:03:21,litecoin,100.73044945975278,614542746.240636,,
2025-05-23 10:03:31,litecoin,101.6527618687031,570925440.2455813,,
2025-05-23 11:03:30,litecoin,101.57071415320038,570408098.4847378,,
2025-05-23 12:03:46,litecoin,98.98197765041763,576504132.1749583,,
2025-05-23 13:03:46,litecoin,97.19406182668013,621539247.6347616,,
2025-05-23 14:03:44,litecoin,99.10825763179965,680901206.1454511,,
2025-05-23 15:04:07,litecoin,99.59038952004629,685714309.2251451,,
2025-05-23 16:03:59,litecoin,98.96681039992345,692534222.5916958,,
2025-05-23 17:03:20,litecoin,98.4900893492251,690826286.4158765,,
2025-05-23 18:03:30,litecoin,99.09062373487104,692434545.6978929,,
2025-05-23 19:03:36,litecoin,98.4188914566904,678231619.0410514,,
2025-05-22 20:03:57,avalanche-2,25.099379637139396,817693913.1830399,,
2025-05-22 21:03:37,avalanche-2,25.022759795868943,820652949.685482,,
2025-05-22 22:03:30,avalanche-2,24.89610117036405,831662229.8554716,,
2025-05-22 23:03:41,avalanche-2,24.95361420921361,839772560.4283068,,
2025-05-23 00:04:02,avalanche-2,25.16073467529337,814206654.4826314,,
2025-05-23 01:04:21,avalanche-2,25.20894746102109,809124644.3068776,,
2025-05-23 02:03:56,avalanche-2,25.35013176392785,801560315.4325898,,
2025-05-23 03:03:55,avalanche-2,25.68799758555452,817984769.9881154,,
2025-05-23 04:03:18,avalanche-2,25.748941610317143,815348971.7856952,,
2025-05-23 05:03:19,avalanche-2,25.471410165016927,816682072.2009166,,
2025-05-23 06:03:32,avalanche-2,25.41445379419278,785743064.0723692,,
2025-05-23 07:03:17,avalanche-2,25.05374338332955,802199479.0673751,,
2025-05-23 08:03:16,avalanche-2,25.12166810226347,797901105.7076097,,
2025-05-23 09:03:28,avalanche-2,25.41075498131241,784795597.4030339,,
2025-05-23 10:03:17,avalanche-2,25.85351666140513,787229284.9156085,,
2025-05-23 11:03:07,avalanche-2,25.660008220971942,658372132.6655443,,
2025-05-23 12:03:34,avalanche-2,25.006485368653387,682203310.2615293,,
2025-05-23 13:03:40,avalanche-2,24.25392382867239,740783420.6064914,,
2025-05-23 14:00:06,avalanche-2,24.62882968741681,785767426.5137148,,
2025-05-23 15:04:04,avalanche-2,24.822262846846872,786114566.3719554,,
2025-05-23 16:01:18,avalanche-2,24.768469488405145,784148248.9985832,,
2025-05-23 17:08:27,avalanche-2,24.425145360464303,783446213.7271934,,
2025-05-23 18:03:46,avalanche-2,24.417747062585622,774534668.4144425,,
2025-05-23 19:02:24,avalanche-2,24.21114568949932,781949636.1613094,,
2025-05-22 20:03:27,hedera-hashgraph,0.2048026594174331,218627121.18991584,,
2025-05-22 21:03:47,hedera-hashgraph,0.2039060174212365,219826160.24594024,,
2025-05-22 22:03:31,hedera-hashgraph,0.2027922545094082,217796398.8259253,,
2025-05-22 23:03:17,hedera-hashgraph,0.2036762288653492,226644299.4393576,,
2025-05-23 00:02:33,hedera-hashgraph,0.2046059258650339,219035448.537628,,
2025-05-23 01:04:19,hedera-hashgraph,0.2044006770235333,219779273.1552561,,
2025-05-23 02:03:45,hedera-hashgraph,0.2058203132204609,222821588.2846408,,
2025-05-23 03:03:54,hedera-hashgraph,0.2079898643815,228592562.97785965,,
2025-05-23 04:03:49,hedera-hashgraph,0.2083082745769997,230347427.12718773,,
2025-05-23 05:03:20,hedera-hashgraph,0.2056305998256854,230134321.0907484,,
2025-05-23 06:03:33,hedera-hashgraph,0.2051398691220884,229221520.18166205,,
2025-05-23 07:03:43,hedera-hashgraph,0.2034071209305086,231891312.09185743,,
2025-05-23 08:03:11,hedera-hashgraph,0.2039780533700587,227495343.7907709,,
2025-05-23 09:03:14,hedera-hashgraph,0.2055744891639146,221915435.9617836,,
2025-05-23 10:03:22,hedera-hashgraph,0.2074837493881615,219941547.66728652,,
2025-05-23 11:00:53,hedera-hashgraph,0.2065173549400262,229484300.5348729,,
2025-05-23 12:03:29,hedera-hashgraph,0.2022511645067811,235957796.0915221,,
2025-05-23 13:03:36,hedera-hashgraph,0.1964571136048602,227955583.4392742,,
2025-05-23 14:03:38,hedera-hashgraph,0.1994286754951476,274096253.50005525,,
2025-05-23 15:04:03,hedera-hashgraph,0.2012680301652207,275431512.61357754,,
2025-05-23 16:03:50,hedera-hashgraph,0.2006154299980982,262469906.32949767,,
2025-05-23 17:04:26,hedera-hashgraph,0.1986586152297246,266300854.93458936,,
2025-05-23 18:03:55,hedera-hashgraph,0.199105841251789,264510274.02639052,,
2025-05-23 19:03:46,hedera-hashgraph,0.197794536205474,256897115.7697084,,
2025-05-22 20:03:27,paypal-usd,0.9995668756327442,31886625.674947385,,
2025-05-22 21:03:24,paypal-usd,0.9996981093532188,37076835.12659516,,
2025-05-22 22:03:31,paypal-usd,0.9996075724973664,36771267.98167685,,
2025-05-22 23:03:15,paypal-usd,0.999637375204663,36924174.79040632,,
2025-05-23 00:03:38,paypal-usd,0.999550047603783,29268258.39463001,,
2025-05-23 01:03:57,paypal-usd,0.9997206831871944,33147825.894523192,,
2025-05-23 02:03:34,paypal-usd,0.9997203796827814,32166892.339206923,,
2025-05-23 03:03:38,paypal-usd,0.9993757760782358,27553795.036825243,,
2025-05-23 04:03:31,paypal-usd,0.999401192341082,30563164.14791326,,
2025-05-23 05:03:22,paypal-usd,0.9991461703161268,30743221.85375066,,
2025-05-23 06:03:35,paypal-usd,0.9993717527952783,29900057.808883343,,
2025-05-23 07:03:46,paypal-usd,0.9993079980177748,28742420.170392808,,
2025-05-23 08:02:11,paypal-usd,0.9993905937685674,28678990.9430215,,
2025-05-23 09:03:27,paypal-usd,0.99944072535768,27717620.97620053,,
2025-05-23 10:03:17,paypal-usd,0.9998041804269678,20249555.254664406,,
2025-05-23 11:03:16,paypal-usd,0.9994576030459592,27660721.79650454,,
2025-05-23 12:03:32,paypal-usd,0.9992452989583126,25228180.49165064,,
2025-05-23 13:03:32,paypal-usd,0.9992345947003008,34521738.799920976,,
2025-05-23 14:03:38,paypal-usd,0.9994336628393008,28284416.05789725,,
2025-05-23 15:03:47,paypal-usd,0.9997331488255178,34996853.090156384,,
2025-05-23 16:03:31,paypal-usd,0.99921543611772,36599802.35174069,,
2025-05-23 17:03:46,paypal-usd,0.9997937433384232,38535701.58443475,,
2025-05-23 18:03:25,paypal-usd,0.9992536012149336,39300049.35915546,,
2025-05-23 19:03:34,paypal-usd,0.9995298208250368,31023652.055683687,,
2025-05-22 20:03:40,zcash,49.79274693781783,100470199.51624322,,
2025-05-22 21:02:27,zcash,49.5361415110002,101513407.43255208,,
2025-05-22 22:03:47,zcash,49.40961370666801,101014481.53378835,,
2025-05-22 23:03:44,zcash,48.82974896512166,100673742.4572552,,
2025-05-23 00:03:55,zcash,48.717586142781975,99633582.79682794,,
2025-05-23 01:04:10,zcash,49.71875929217322,101518107.20748882,,
2025-05-23 02:03:46,zcash,50.2677704104587,103377635.65067494,,
2025-05-23 03:03:50,zcash,50.22966089510088,103985099.947471,,
2025-05-23 04:03:43,zcash,50.166268858305294,103438773.69699484,,
2025-05-23 05:03:24,zcash,49.86641481036611,105129727.65626325,,
2025-05-23 06:03:07,zcash,49.38411018210376,103575075.36422616,,
2025-05-23 07:03:17,zcash,48.98389702863645,104805321.46039572,,
2025-05-23 08:03:35,zcash,48.06423562463349,44800195.63089753,,
2025-05-23 09:03:40,zcash,48.80319715051461,106562297.8140962,,
2025-05-23 10:03:46,zcash,48.28217869499159,104455872.41865158,,
2025-05-23 11:02:30,zcash,47.95853752492108,103882139.0487356,,
2025-05-23 12:03:03,zcash,47.70409256249875,104456836.25919548,,
2025-05-23 13:04:00,zcash,48.06647314348659,104509340.208662,,
2025-05-23 14:03:41,zcash,49.12328237238153,107360613.65591754,,
2025-05-23 15:04:08,zcash,48.637709868960144,47101247.95648822,,
2025-05-23 16:03:52,zcash,48.66396890190684,105181163.16684698,,
2025-05-23 17:08:27,zcash,48.51076334050245,102263226.35295984,,
2025-05-23 18:01:36,zcash,48.47924949738164,97953602.9274358,,
2025-05-23 19:03:37,zcash,47.99236739819903,94113415.70190676,,
2025-05-22 20:03:36,sui,3.8688424307196456,3565681383.9395714,,
2025-05-22 21:03:34,sui,3.828633588448561,3559299391.2326293,,
2025-05-22 22:03:50,sui,3.821245576061104,3681606963.387584,,
2025-05-22 23:03:14,sui,3.846483438024853,3709881676.029706,,
2025-05-23 00:04:02,sui,3.870586378263637,3686063660.796597,,
2025-05-23 01:03:58,sui,3.850635950093893,3715409784.718314,,
2025-05-23 02:03:50,sui,3.871625744386087,3721401945.71791,,
2025-05-23 03:03:31,sui,3.895177471825196,3773352161.3791175,,
2025-05-23 04:03:28,sui,3.927182076058283,3762112832.801826,,
2025-05-23 05:03:21,sui,3.8904467590767946,3770539371.12314,,
2025-05-23 06:03:34,sui,3.8723676928862782,3808725326.309497,,
2025-05-23 07:03:27,sui,3.8321575176983487,3730808159.752427,,
2025-05-23 08:03:23,sui,3.828179301510211,3680456291.169097,,
2025-05-23 09:03:19,sui,3.851330716631157,3589635624.883636,,
2025-05-23 10:03:29,sui,3.891078999938181,3647599747.099169,,
2025-05-23 11:03:19,sui,3.868357756740189,3601790864.6888022,,
2025-05-23 12:03:50,sui,3.7354972552184735,3195098011.490109,,
2025-05-23 13:01:07,sui,3.627144232574322,3348171268.556737,,
2025-05-23 14:03:32,sui,3.667586341818621,2924326520.524994,,
2025-05-23 15:04:08,sui,3.6977498232910233,2817198865.3977613,,
2025-05-23 16:00:57,sui,3.690570584751002,2637868710.408139,,
2025-05-23 17:03:17,sui,3.667354823745661,2600196262.3286843,,
2025-05-23 18:04:01,sui,3.693785612684741,2490896066.612405,,
2025-05-23 19:03:55,sui,3.6923953666292655,2381476234.174393,,
2025-05-22 20:03:33,shiba-inu,1.522592652968236e-05,390819223.52751833,,
2025-05-22 21:03:25,shiba-inu,1.5234919975975252e-05,389969606.6694572,,
2025-05-22 22:03:31,shiba-inu,1.5131494886923331e-05,392478702.8314299,,
2025-05-22 23:03:40,shiba-inu,1.527355742706721e-05,402628921.9031316,,
2025-05-23 00:03:37,shiba-inu,1.546699003290387e-05,391467077.7513868,,
2025-05-23 01:04:19,shiba-inu,1.55187556592959e-05,406851161.9996307,,
2025-05-23 02:03:41,shiba-inu,1.558981123196135e-05,400916396.3218269,,
2025-05-23 03:03:22,shiba-inu,1.585839217319796e-05,414475757.0466774,,
2025-05-23 04:03:21,shiba-inu,1.583477832170392e-05,421244977.4744726,,
2025-05-23 05:03:25,shiba-inu,1.5593847238410764e-05,419940944.8218564,,
2025-05-23 06:03:13,shiba-inu,1.5586962128220877e-05,419995868.2782983,,
2025-05-23 07:01:56,shiba-inu,1.539338828148559e-05,424713266.6936447,,
2025-05-23 08:00:47,shiba-inu,1.5428017739958264e-05,422363738.2024619,,
2025-05-23 09:03:18,shiba-inu,1.5532888021802485e-05,402075033.5923973,,
2025-05-23 10:03:11,shiba-inu,1.5684446641410882e-05,383571151.8374757,,
2025-05-23 11:03:15,shiba-inu,1.5595989202615866e-05,356416601.67575777,,
2025-05-23 12:03:30,shiba-inu,1.5130224459485669e-05,403404394.0853865,,
2025-05-23 13:01:14,shiba-inu,1.4726213611640757e-05,428733303.7004094,,
2025-05-23 14:03:19,shiba-inu,1.4957768533359732e-05,483098307.2154711,,
2025-05-23 15:04:08,shiba-inu,1.5060069512804677e-05,483687273.2467479,,
2025-05-23 16:01:35,shiba-inu,1.490622442217603e-05,484871828.1667919,,
2025-05-23 17:01:16,shiba-inu,1.4756474943379083e-05,447885282.09629726,,
2025-05-23 18:03:55,shiba-inu,1.4845174055107664e-05,450202214.42459416,,
2025-05-23 19:03:49,shiba-inu,1.4765978817785286e-05,490791414.648832,,
2025-05-22 20:03:57,the-open-network,3.155207791837129,213571387.78854933,,
2025-05-22 21:03:30,the-open-network,3.156723565460432,211612756.6844198,,
2025-05-22 22:03:42,the-open-network,3.146524883390865,208689028.6326052,,
2025-05-22 23:03:45,the-open-network,3.1611219473505656,209967078.71856248,,
2025-05-23 00:03:24,the-open-network,3.1730296843870187,206137237.127724,,
2025-05-23 01:01:36,the-open-network,3.1703560277673355,203417157.57296053,,
2025-05-23 02:03:51,the-open-network,3.1796601068569883,110307116.24212158,,
2025-05-23 03:03:26,the-open-network,3.2061146457021503,205914083.00322187,,
2025-05-23 04:03:19,the-open-network,3.205270274587212,200721852.32991707,,
2025-05-23 05:03:40,the-open-network,3.170062021227284,172239722.59995893,,
2025-05-23 06:03:25,the-open-network,3.1766059373843496,94149523.26667388,,
2025-05-23 07:03:37,the-open-network,3.136780930815712,149045414.169057,,
2025-05-23 08:03:30,the-open-network,3.140407252220137,197260672.1303439,,
2025-05-23 09:03:46,the-open-network,3.154088554130291,190590828.62222025,,
2025-05-23 10:03:16,the-open-network,3.173876377420722,190714732.6756928,,
2025-05-23 11:03:40,the-open-network,3.156109570262256,191275698.6314693,,
2025-05-23 12:03:45,the-open-network,3.073544902792284,201099295.22005305,,
2025-05-23 13:03:59,the-open-network,3.0206115006821017,231534525.9287848,,
2025-05-23 14:03:39,the-open-network,3.057564745153119,231890871.53967017,,
2025-05-23 15:04:08,the-open-network,3.074558173903281,245311397.35830563,,
2025-05-23 16:03:28,the-open-network,3.071122184976371,252250688.5257029,,
2025-05-23 17:08:23,the-open-network,3.054798057800269,253060857.04490557,,
2025-05-23 18:03:56,the-open-network,3.0642832401217794,251478725.64073053,,
2025-05-23 19:00:49,the-open-network,3.0556609658781677,250075284.2546707,,
2025-05-22 20:03:29,crypto-com-chain,0.1003631332471838,26803388.03241756,,
2025-05-22 21:03:52,crypto-com-chain,0.1003220866504426,26317357.48213321,,
2025-05-22 22:03:40,crypto-com-chain,0.0999535701547541,26653870.83125799,,
2025-05-22 23:03:39,crypto-com-chain,0.1000626440697522,26589014.76460215,,
2025-05-23 00:03:45,crypto-com-chain,0.100278731422916,26038224.866847083,,
2025-05-23 01:04:19,crypto-com-chain,0.1004366307152695,26327410.80585677,,
2025-05-23 02:03:30,crypto-com-chain,0.1004976768528634,26354777.243369702,,
2025-05-23 03:03:07,crypto-com-chain,0.1013422534246061,27355365.59406049,,
2025-05-23 04:03:38,crypto-com-chain,0.1017979876431305,27729554.94188233,,
2025-05-23 05:03:19,crypto-com-chain,0.1005175326540235,27490477.687400453,,
2025-05-23 06:03:27,crypto-com-chain,0.1003426338644918,26442073.38295896,,
2025-05-23 07:03:14,crypto-com-chain,0.0993795541118664,28082776.342414323,,
2025-05-23 08:03:13,crypto-com-chain,0.0994180620113782,28199825.956658527,,
2025-05-23 09:03:34,crypto-com-chain,0.0999638760595706,27092388.724660564,,
2025-05-23 10:03:57,crypto-com-chain,0.1006830196689845,25901747.05622544,,
2025-05-23 11:03:39,crypto-com-chain,0.1002793495051847,26411161.053562656,,
2025-05-23 12:03:35,crypto-com-chain,0.0977749696252539,28002915.09104141,,
2025-05-23 13:03:31,crypto-com-chain,0.0965223023992784,30792337.595155552,,
2025-05-23 14:03:42,crypto-com-chain,0.0981788979268933,32835422.55147705,,
2025-05-23 15:03:57,crypto-com-chain,0.0982289856407012,31888247.37368447,,
2025-05-23 16:03:50,crypto-com-chain,0.097880879901424,32086595.3704712,,
2025-05-23 17:08:27,crypto-com-chain,0.0976751185028272,32197785.268126827,,
2025-05-23 18:02:03,crypto-com-chain,0.0977638430771584,31961124.043681227,,
2025-05-23 19:03:45,crypto-com-chain,0.0973211759228841,32532574.378773827,,
2025-05-22 20:01:28,tether-gold,3299.558870367667,41376935.81443484,,
2025-05-22 21:03:45,tether-gold,3300.057667015117,40505356.12816301,,
2025-05-22 22:03:14,tether-gold,3304.5213496534875,39912247.21755468,,
2025-05-22 23:03:10,tether-gold,3303.591301305689,39888295.5121949,,
2025-05-23 00:03:41,tether-gold,3306.8878831359816,39147379.98985541,,
2025-05-23 01:03:59,tether-gold,3307.327360272471,38967127.25505085,,
2025-05-23 02:03:36,tether-gold,3306.0136539462346,36964848.41516363,,
2025-05-23 03:03:52,tether-gold,3302.649412999547,36111722.85320201,,
2025-05-23 04:03:32,tether-gold,3306.943341294462,35401381.10073935,,
2025-05-23 05:03:23,tether-gold,3316.567780477127,33929316.79077287,,
2025-05-23 06:03:18,tether-gold,3325.612346066908,32368513.00653124,,
2025-05-23 07:03:43,tether-gold,3329.7375568135312,32871555.525220755,,
2025-05-23 08:03:09,tether-gold,3332.607827949265,31826558.55098801,,
2025-05-23 09:03:21,tether-gold,3325.5658221230883,30559486.73469635,,
2025-05-23 10:03:29,tether-gold,3330.498389905808,29375294.85411152,,
2025-05-23 11:02:23,tether-gold,3331.00697429021,28243741.98934466,,
2025-05-23 12:03:37,tether-gold,3339.1508120055746,28970006.24356632,,
2025-05-23 13:03:41,tether-gold,3355.797150320448,32601107.109986577,,
2025-05-23 14:03:21,tether-gold,3342.0058329250664,33703068.847433574,,
2025-05-23 15:03:30,tether-gold,3350.8409996239748,33232051.27219512,,
2025-05-23 16:03:28,tether-gold,3359.489330886728,32715669.993358232,,
2025-05-23 17:08:25,tether-gold,3360.8574921937497,33082932.257914368,,
2025-05-23 18:03:59,tether-gold,3363.1196322998053,32909798.943984848,,
2025-05-23 19:03:57,tether-gold,3363.1091957237627,32660807.058639973,,
2025-05-23 12:04:00,hashnote-usyc,1.0947983902722227,745891.391925917,,
2025-05-23 13:03:59,hashnote-usyc,1.0947827051195094,745880.7055561764,,
2025-05-23 14:03:55,hashnote-usyc,1.0947799944016476,745878.8587311015,,
2025-05-23 15:04:04,hashnote-usyc,1.0947066508681895,745828.8894301363,,
2025-05-23 16:04:03,hashnote-usyc,1.094773765194329,745874.6147422915,,
2025-05-23 17:05:46,hashnote-usyc,1.094709711272977,745830.9744985899,,
2025-05-23 18:03:31,hashnote-usyc,1.0947887293171776,745884.8098709286,,
2025-05-23 19:03:29,hashnote-usyc,1.094696399779954,745821.9053145762,,
2025-05-22 20:03:34,mantle,0.763833312331311,354837524.10674864,,
2025-05-22 21:03:53,mantle,0.7633503817386902,354575331.1900329,,
2025-05-22 22:03:51,mantle,0.7599442871967478,352154317.876364,,
2025-05-22 23:03:43,mantle,0.7600962140994422,351183603.6713909,,
2025-05-23 00:03:54,mantle,0.7643182105081343,348294070.074628,,
2025-05-23 01:04:17,mantle,0.7628098531510729,346963242.782594,,
2025-05-23 02:03:53,mantle,0.7642193553621384,347652922.74265254,,
2025-05-23 03:03:56,mantle,0.7678236966962843,350130604.0951025,,
2025-05-23 04:03:49,mantle,0.7730036499618206,353836914.0880112,,
2025-05-23 05:03:40,mantle,0.7674434815259872,356176327.2317409,,
2025-05-23 06:03:35,mantle,0.7688182800289302,356098543.363636,,
2025-05-23 07:03:08,mantle,0.7597289759007854,355815845.8773046,,
2025-05-23 08:03:22,mantle,0.7570756810962155,353797405.08329034,,
2025-05-23 09:03:21,mantle,0.7635646605459879,346883200.5797176,,
2025-05-23 10:03:45,mantle,0.7646943520662643,340828584.2976802,,
2025-05-23 11:03:25,mantle,0.758891558041121,340195164.375958,,
2025-05-23 12:03:41,mantle,0.7554850071152279,338410408.9195279,,
2025-05-23 13:04:02,mantle,0.7373648975401597,356455268.1526822,,
2025-05-23 14:02:05,mantle,0.743298451675326,359291818.9620616,,
2025-05-23 15:04:04,mantle,0.7446298500924541,357645929.5412289,,
2025-05-23 16:03:38,mantle,0.7439268578085066,360417790.7490209,,
2025-05-23 17:08:24,mantle,0.7459721705295459,362771555.6282075,,
2025-05-23 18:03:51,mantle,0.7480825683797107,361796379.865302,,
2025-05-23 19:03:43,mantle,0.7433962124226894,362410556.149366,,
2025-05-22 20:02:02,polkadot,4.9056714475787215,257700918.53374997,,
2025-05-22 21:03:26,polkadot,4.906945874357536,256310607.92876,,
2025-05-22 22:03:18,polkadot,4.906450242005634,256424120.0647995,,
2025-05-22 23:02:58,polkadot,4.926181168178324,260536114.94082147,,
2025-05-23 00:03:50,polkadot,4.947475140411211,252049549.1197653,,
2025-05-23 01:03:45,polkadot,4.9609634938259966,251489701.31852493,,
2025-05-23 02:03:53,polkadot,4.994924616181209,253338955.16721973,,
2025-05-23 03:03:23,polkadot,5.080359203754141,264658197.52462795,,
2025-05-23 04:02:49,polkadot,5.095384895940754,299563340.75059605,,
2025-05-23 05:03:26,polkadot,5.029456710636779,303155401.2758798,,
2025-05-23 06:03:25,polkadot,4.995310709216025,302022920.19301647,,
2025-05-23 07:03:25,polkadot,4.932765425193431,305548436.62537485,,
2025-05-23 08:03:30,polkadot,4.932596825193854,317210365.7654597,,
2025-05-23 09:03:16,polkadot,4.961160720747537,307922101.38450086,,
2025-05-23 10:03:51,polkadot,4.999980046891183,301109000.0761209,,
2025-05-23 11:03:04,polkadot,4.963043314918729,306685168.44739705,,
2025-05-23 12:03:33,polkadot,4.800380231533867,319915391.9222706,,
2025-05-23 13:03:44,polkadot,4.69375764146114,345606721.1306613,,
2025-05-23 14:03:30,polkadot,4.750927623005085,377318165.8848664,,
2025-05-23 15:03:51,polkadot,4.786922472011433,381434286.86363214,,
2025-05-23 16:03:56,polkadot,4.761700963577002,377592609.0691057,,
2025-05-23 17:02:51,polkadot,4.722210850584382,372678948.0493452,,
2025-05-23 18:03:34,polkadot,4.747179315007188,372641264.6200304,,
2025-05-23 19:03:55,polkadot,4.711889008786113,381497907.3886832,,
2025-05-22 20:03:47,uniswap,6.377821011383665,451630287.2370181,,
2025-05-22 21:03:45,uniswap,6.354028330324003,455236914.8992391,,
2025-05-22 22:01:53,uniswap,6.323928608851529,452603156.3742799,,
2025-05-22 23:03:49,uniswap,6.3478449103916885,456229211.18329215,,
2025-05-23 00:03:29,uniswap,6.424254220451746,437732718.3887516,,
2025-05-23 01:03:47,uniswap,6.441081483729336,430624964.9988336,,
2025-05-23 02:03:38,uniswap,6.519102634772743,442906233.2507597,,
2025-05-23 03:03:26,uniswap,6.664999046583689,492738810.0279253,,
2025-05-23 04:03:31,uniswap,6.727848865141001,498835052.7187538,,
2025-05-23 05:02:29,uniswap,6.585916936657836,496978581.97317326,,
2025-05-23 06:03:26,uniswap,6.5778353338371724,493282918.31593776,,
2025-05-23 07:03:20,uniswap,6.440839059582428,488855846.7439362,,
2025-05-23 08:03:29,uniswap,6.450374828297019,495624861.6228135,,
2025-05-23 09:03:38,uniswap,6.518286758797592,490968384.7891269,,
2025-05-23 10:03:38,uniswap,6.593472521131188,473668592.7788348,,
2025-05-23 11:03:10,uniswap,6.55008109650522,462145974.9444497,,
2025-05-23 12:04:03,uniswap,6.253791051740372,480871652.6804413,,
2025-05-23 13:04:02,uniswap,6.086710251493348,530614445.320618,,
2025-05-23 14:03:35,uniswap,6.206491924189606,553872880.4851068,,
2025-05-23 15:04:05,uniswap,6.232388297544727,563229064.6338415,,
2025-05-23 16:04:00,uniswap,6.169285095145068,542465376.8412335,,
2025-05-23 17:08:27,uniswap,6.15917169629666,545049259.9702802,,
2025-05-23 18:03:57,uniswap,6.199193515233261,563034394.1481935,,
2025-05-23 19:03:27,uniswap,6.17558424515864,563937159.0822937,,
2025-05-22 20:04:15,pax-gold,3305.301728617221,62718938.8710665,,
2025-05-22 21:04:12,pax-gold,3305.074481019617,65077294.01597403,,
2025-05-22 22:04:10,pax-gold,3308.2268848301915,67250156.40068054,,
2025-05-22 23:04:06,pax-gold,3308.8858984076323,63097762.846817724,,
2025-05-23 00:04:18,pax-gold,3309.3878451156565,62886843.81428301,,
2025-05-23 01:04:38,pax-gold,3310.2311294052174,65424925.903382406,,
2025-05-23 02:04:12,pax-gold,3311.1205658114645,62505430.529984914,,
2025-05-23 03:04:15,pax-gold,3306.514185601001,62527054.32867458,,
2025-05-23 04:04:09,pax-gold,3308.6443560424,60808598.43621381,,
2025-05-23 05:04:00,pax-gold,3319.4156692038337,58812293.68296637,,
2025-05-23 06:03:55,pax-gold,3328.789237512497,59244988.488125935,,
2025-05-23 07:04:05,pax-gold,3332.835353445409,63900445.70735365,,
2025-05-23 08:04:03,pax-gold,3335.4286179860783,63442450.11738364,,
2025-05-23 09:04:08,pax-gold,3329.912145091105,59643958.86605863,,
2025-05-23 10:04:14,pax-gold,3333.197138953895,56981208.16471371,,
2025-05-23 11:04:03,pax-gold,3334.924532429417,54916079.06843355,,
2025-05-23 12:04:20,pax-gold,3341.9863903688256,54526223.798208416,,
2025-05-23 13:04:20,pax-gold,3359.271578755267,64722599.3082303,,
2025-05-23 14:04:16,pax-gold,3346.852248434197,67440577.09366244,,
2025-05-23 15:04:24,pax-gold,3352.654600354333,67027525.06788711,,
2025-05-23 16:04:23,pax-gold,3358.225750144297,67237393.12239768,,
2025-05-23 17:08:51,pax-gold,3363.0321551783377,69591480.13433023,,
2025-05-23 18:04:18,pax-gold,3365.339944431034,71185124.16337976,,
2025-05-23 19:04:16,pax-gold,3364.9873531394687,71063568.72803399,,
