timestamp_utc,coin_id,price_usd,total_volume_usd
2025-05-23 21:03:20,bitcoin,108378.61029552908,47978660550.07922
2025-05-23 22:03:21,bitcoin,108370.71855030885,48047672612.62941
2025-05-23 23:03:41,bitcoin,107925.98663757442,48482967402.18916
2025-05-24 00:02:38,bitcoin,107216.66856870624,49251745837.96465
2025-05-24 01:03:49,bitcoin,107448.81236982298,49743774184.87975
2025-05-24 02:03:35,bitcoin,107560.90623540942,49128978095.66651
2025-05-24 03:03:34,bitcoin,107785.85862363827,48580435154.985855
2025-05-24 04:08:36,bitcoin,108313.99818936095,48535888345.615685
2025-05-24 05:04:07,bitcoin,108519.64419891509,47876579693.549164
2025-05-24 06:04:13,bitcoin,108220.18125322252,47675596851.22188
2025-05-24 07:03:45,bitcoin,107933.6541256463,47384603351.832855
2025-05-24 08:03:47,bitcoin,107863.55438184297,46860430341.108086
2025-05-24 09:03:16,bitcoin,108129.30186241341,46683173355.17016
2025-05-24 10:03:52,bitcoin,108246.10379946267,46314287963.53068
2025-05-24 11:08:31,bitcoin,109064.49875511439,47585643800.14781
2025-05-24 12:03:32,bitcoin,109293.09324020769,47726784204.79028
2025-05-24 13:03:50,bitcoin,108864.12667482972,40180205964.091515
2025-05-24 14:03:44,bitcoin,108706.06301655057,37900458606.02448
2025-05-24 15:03:43,bitcoin,108925.84641221556,35124247354.48152
2025-05-24 16:02:39,bitcoin,108927.98929382108,33639361672.074337
2025-05-24 17:03:43,bitcoin,108958.7961120567,31114276107.102802
2025-05-24 18:01:37,bitcoin,109004.6382762397,29619361049.739967
2025-05-24 19:03:34,bitcoin,108891.00849725526,29062749361.144825
2025-05-24 20:08:14,bitcoin,108931.99882488411,27618137059.17811
2025-05-23 21:03:48,ethereum,2546.3665793808823,30795454436.438198
2025-05-23 22:03:24,ethereum,2540.685216007815,30960392434.40797
2025-05-23 23:03:40,ethereum,2541.583536858652,31103368116.12471
2025-05-24 00:01:53,ethereum,2519.813809045145,30047329191.503662
2025-05-24 01:03:34,ethereum,2525.9232800611894,31507329475.28941
2025-05-24 02:03:34,ethereum,2529.4061205459393,30810099929.233265
2025-05-24 03:00:17,ethereum,2539.5523617456515,29163501734.27487
2025-05-24 04:08:41,ethereum,2548.6633584389683,27846064029.76018
2025-05-24 05:04:07,ethereum,2557.5502512585877,27118915021.49447
2025-05-24 06:01:37,ethereum,2549.6212043549117,26427661689.737244
2025-05-24 07:03:28,ethereum,2543.9595241839256,24195439947.689754
2025-05-24 08:03:47,ethereum,2550.137350754068,24706453879.05406
2025-05-24 09:03:20,ethereum,2554.4858908818073,24185651647.275826
2025-05-24 10:03:19,ethereum,2557.21764855182,23624568483.668514
2025-05-24 11:08:33,ethereum,2572.8314357517725,23278237206.89799
2025-05-24 12:02:04,ethereum,2566.6496850697704,21944745160.900852
2025-05-24 13:03:51,ethereum,2558.125381934164,18362131670.690155
2025-05-24 14:03:43,ethereum,2553.4387332553447,16295291164.813215
2025-05-24 15:03:35,ethereum,2557.9822522505146,15205359502.954008
2025-05-24 16:04:01,ethereum,2554.4740446524825,14260321041.488197
2025-05-24 17:03:52,ethereum,2557.886582395531,13519894110.386541
2025-05-24 18:03:45,ethereum,2561.5602487284423,12924495214.5018
2025-05-24 19:03:39,ethereum,2553.7921298239075,12559958708.320656
2025-05-24 20:08:13,ethereum,2553.465195955638,11088145394.844538
2025-05-23 21:03:25,tether,1.0000783305725134,94055308601.1275
2025-05-23 22:03:25,tether,1.0001045754088478,92782145532.83568
2025-05-23 23:03:30,tether,1.0001354393271022,95548975408.2903
2025-05-24 00:02:32,tether,1.000092076028757,96504410502.0485
2025-05-24 01:03:31,tether,1.0000836511857631,95345508731.64235
2025-05-24 02:03:34,tether,1.0001095124050197,93745935673.03302
2025-05-24 03:03:43,tether,1.0000857393847675,91048368584.91959
2025-05-24 04:08:36,tether,1.0001239798824813,81052954216.42693
2025-05-24 05:04:05,tether,1.000130558982086,79095884390.81462
2025-05-24 06:06:13,tether,1.0001718564719955,85153760290.00514
2025-05-24 07:03:26,tether,1.0000889586821833,77121087855.50705
2025-05-24 08:01:02,tether,1.000144395814816,83332011826.26633
2025-05-24 09:03:21,tether,1.0001263758408565,80821809028.44518
2025-05-24 10:03:51,tether,1.0001845856021903,40978321114.80657
2025-05-24 11:08:27,tether,1.0001394394555039,72705092942.24423
2025-05-24 12:03:50,tether,1.0001554927647527,79591950486.05847
2025-05-24 13:03:46,tether,1.0001933710227986,68507633887.033104
2025-05-24 14:03:36,tether,1.0002185560599515,30769384639.676376
2025-05-24 15:03:28,tether,1.0002013973440642,44231840682.79658
2025-05-24 16:04:00,tether,1.0002449411579974,55640164205.30845
2025-05-24 17:03:48,tether,1.0002429550860241,51859782376.853676
2025-05-24 18:03:44,tether,1.0002211843685078,46740448444.90605
2025-05-24 19:03:33,tether,1.0002085167650392,48983144886.816605
2025-05-24 20:08:21,tether,1.0002048465004534,47103283221.13484
2025-05-23 21:01:17,ripple,2.333223891703034,3705277044.407456
2025-05-23 22:02:51,ripple,2.3313737837779143,3746282442.8417783
2025-05-23 23:03:40,ripple,2.3223065855799128,3746155733.092852
2025-05-24 00:03:39,ripple,2.2991928362328755,3803614983.5157166
2025-05-24 01:03:56,ripple,2.3055990866799396,3856274246.075924
2025-05-24 02:02:40,ripple,2.315175042945137,3782253720.7486844
2025-05-24 03:03:42,ripple,2.326586406710857,3628025374.3658586
2025-05-24 04:08:41,ripple,2.3343350535062792,3524534078.354092
2025-05-24 05:04:07,ripple,2.3450639702972245,3467685592.8242226
2025-05-24 06:02:52,ripple,2.338175256665359,3422074014.6427236
2025-05-24 07:03:52,ripple,2.3351997596428307,3273539950.485551
2025-05-24 08:03:37,ripple,2.337852360672758,3138908177.815754
2025-05-24 09:08:27,ripple,2.343365615293989,3097179922.9463882
2025-05-24 10:03:47,ripple,2.345371729022025,3005319848.6182523
2025-05-24 11:08:31,ripple,2.3574165594736596,3030651903.816794
2025-05-24 12:04:04,ripple,2.3555211393243365,2857978527.398722
2025-05-24 13:03:51,ripple,2.3519963583221073,2403403638.438403
2025-05-24 14:03:31,ripple,2.3523563047759604,2224195783.35004
2025-05-24 15:03:41,ripple,2.354247028604549,1892277904.7971158
2025-05-24 16:04:00,ripple,2.351347440481134,1856747886.5772488
2025-05-24 17:03:43,ripple,2.35047525149589,1781848804.4760396
2025-05-24 18:00:56,ripple,2.3487806122881767,1724411279.0894403
2025-05-24 19:03:39,ripple,2.348913348838772,1723133793.6082299
2025-05-24 20:08:11,ripple,2.3475626651619153,1608430492.363707
2025-05-23 21:03:24,binancecoin,663.2709953627078,1216676675.9565017
2025-05-23 22:03:50,binancecoin,662.7772293614208,1218835562.2391262
2025-05-23 23:03:31,binancecoin,661.3969200235999,1217443747.6201973
2025-05-24 00:03:37,binancecoin,655.3681110510369,1217926335.781693
2025-05-24 01:03:32,binancecoin,660.3228834187219,991558372.9841965
2025-05-24 02:03:34,binancecoin,661.6842358957601,1245528532.4140081
2025-05-24 03:03:55,binancecoin,663.4811461949281,1202280276.1020205
2025-05-24 04:08:35,binancecoin,664.1863036394368,1206372074.805665
2025-05-24 05:03:49,binancecoin,667.2067803237034,1189123222.250205
2025-05-24 06:08:07,binancecoin,667.4091218545718,1192176879.6905422
2025-05-24 07:03:36,binancecoin,667.2846800223639,1187112402.9885914
2025-05-24 08:03:46,binancecoin,667.9325852681427,1169300528.8652499
2025-05-24 09:03:19,binancecoin,671.1919697994693,1147763482.5434716
2025-05-24 10:03:43,binancecoin,671.1979366713381,1154031083.7799575
2025-05-24 11:08:29,binancecoin,675.9590837304635,1175131902.7060297
2025-05-24 12:03:56,binancecoin,674.8279559367614,1132730597.553841
2025-05-24 13:03:39,binancecoin,674.5289157973191,942490211.6582854
2025-05-24 14:03:41,binancecoin,673.58333512623,888309117.215449
2025-05-24 15:01:12,binancecoin,673.8352912202735,836183755.9821384
2025-05-24 16:03:50,binancecoin,673.5749417251806,811918551.4196156
2025-05-24 17:03:41,binancecoin,674.9335079900044,775775161.439334
2025-05-24 18:03:41,binancecoin,675.9546131278402,763889964.3035941
2025-05-24 19:03:41,binancecoin,676.2085009517543,752351007.2481467
2025-05-24 20:08:25,binancecoin,675.9750967877313,740577159.4738545
2025-05-23 21:01:59,solana,177.47805670860922,8168339387.379849
2025-05-23 22:01:45,solana,177.3963311344297,8277115085.33916
2025-05-23 23:03:40,solana,176.03555515338633,8341900580.319625
2025-05-24 00:02:38,solana,174.43566967519817,8631193319.547667
2025-05-24 01:03:35,solana,174.00249877668335,8500100148.017812
2025-05-24 02:03:36,solana,174.10636746365768,8350446005.882789
2025-05-24 03:03:42,solana,174.8145135781835,8048285145.408342
2025-05-24 04:08:21,solana,174.85966052524458,7937755826.681001
2025-05-24 05:04:07,solana,175.71561833337427,7832681015.630497
2025-05-24 06:01:27,solana,174.97903378173916,7744819705.425046
2025-05-24 07:03:28,solana,174.30048584378022,7634778983.724494
2025-05-24 08:04:18,solana,173.98743711082471,7521783264.851414
2025-05-24 09:08:07,solana,174.4672081826098,7284270872.614696
2025-05-24 10:03:48,solana,175.3602266968925,7101550743.161164
2025-05-24 11:08:31,solana,177.26927571084417,7068643208.320382
2025-05-24 12:03:42,solana,177.35806587442906,6822789319.415644
2025-05-24 13:03:50,solana,176.55380442158284,5926795106.77537
2025-05-24 14:03:44,solana,176.1219170043565,5388816630.553479
2025-05-24 15:03:45,solana,176.75360898107272,5010557290.997471
2025-05-24 16:04:00,solana,176.1631927196594,4652857867.249919
2025-05-24 17:03:40,solana,176.24268519703796,4338759711.870979
2025-05-24 18:03:30,solana,176.92140793614874,4231935603.6490765
2025-05-24 19:03:39,solana,176.88826401665176,4142827196.5916
2025-05-24 20:03:13,solana,177.15625142797614,3993318633.4448686
2025-05-23 21:03:27,usd-coin,0.9997799962037174,14949872750.213537
2025-05-23 22:03:28,usd-coin,0.9998068967546304,14218673488.222294
2025-05-23 23:03:33,usd-coin,0.9998126169193932,7498597387.550267
2025-05-24 00:03:43,usd-coin,0.9997612119273768,15193959010.344732
2025-05-24 01:02:05,usd-coin,0.9998068026753086,8924309932.877008
2025-05-24 02:02:58,usd-coin,0.9997955221751269,14441714893.958706
2025-05-24 03:03:43,usd-coin,0.9997613538002924,13965887803.733099
2025-05-24 04:08:40,usd-coin,0.9998099556197928,14339570500.49064
2025-05-24 05:03:39,usd-coin,0.9997845447486498,13670181914.308867
2025-05-24 06:03:10,usd-coin,0.9997964078993562,13456845508.827587
2025-05-24 07:01:37,usd-coin,0.9997866183715612,13002049087.447445
2025-05-24 08:04:44,usd-coin,0.9997974431172715,13122974632.830444
2025-05-24 09:02:29,usd-coin,0.9997883657431857,12697134054.549715
2025-05-24 10:03:52,usd-coin,0.9997999675909793,12991865777.152304
2025-05-24 11:08:29,usd-coin,0.9997782912066971,12341744300.510664
2025-05-24 12:03:54,usd-coin,0.999786172344272,12457145811.175116
2025-05-24 13:03:45,usd-coin,0.99980140225702,6658740832.552945
2025-05-24 14:03:34,usd-coin,0.9998057099440829,9744458794.379503
2025-05-24 15:00:43,usd-coin,0.9997699559294685,8663944866.41463
2025-05-24 16:04:01,usd-coin,0.999766337922823,8363243963.204631
2025-05-24 17:02:11,usd-coin,0.9997867583396757,7795670230.627209
2025-05-24 18:00:19,usd-coin,0.999705763460666,4035112031.80799
2025-05-24 19:03:30,usd-coin,0.9997979917121976,4813652045.148611
2025-05-24 20:02:39,usd-coin,0.9997669014386544,7063500909.975747
2025-05-23 21:03:48,dogecoin,0.23107242261124017,3366588234.0086174
2025-05-23 22:02:45,dogecoin,0.231164859498968,3450162002.8021226
2025-05-23 23:03:39,dogecoin,0.22911635144951614,3423125844.9486203
2025-05-24 00:03:48,dogecoin,0.2256050681389216,3637150461.689047
2025-05-24 01:03:54,dogecoin,0.2271915243931931,3327755411.97688
2025-05-24 02:02:26,dogecoin,0.22736421322831588,3284846103.065857
2025-05-24 03:03:24,dogecoin,0.2280171069809601,3137588304.3842487
2025-05-24 04:08:37,dogecoin,0.22910793037285757,2987497321.1885934
2025-05-24 05:04:06,dogecoin,0.22987148210977243,2903173274.4718876
2025-05-24 06:02:34,dogecoin,0.22821200360963056,2817647507.1152673
2025-05-24 07:03:50,dogecoin,0.22733745987057272,2738707524.1539755
2025-05-24 08:04:23,dogecoin,0.22734673815892742,2675112261.3870273
2025-05-24 09:08:19,dogecoin,0.22780427312834597,2653113864.5442615
2025-05-24 10:03:43,dogecoin,0.22811887475740172,2604592269.855784
2025-05-24 11:08:29,dogecoin,0.22994232273721563,2574026003.1978717
2025-05-24 12:03:35,dogecoin,0.2295722699776451,2491802876.3959084
2025-05-24 13:03:36,dogecoin,0.22840974134242617,2045130073.8679113
2025-05-24 14:00:04,dogecoin,0.22802751465083415,1887694809.9983354
2025-05-24 15:03:36,dogecoin,0.22836158356055963,1758053494.6152146
2025-05-24 16:03:45,dogecoin,0.22764176538506004,1724233517.4326642
2025-05-24 17:03:49,dogecoin,0.22757541062296996,1589615649.2960389
2025-05-24 18:03:46,dogecoin,0.22798433389210856,1523760203.9704216
2025-05-24 19:03:32,dogecoin,0.22768033244453276,1586015471.6734052
2025-05-24 20:08:10,dogecoin,0.22709547260105212,1418600577.3775656
2025-05-23 21:03:27,cardano,0.7668153240542588,1337054582.98806
2025-05-23 22:03:23,cardano,0.7636389360270638,1387506084.1967084
2025-05-23 23:03:30,cardano,0.7588147133167805,1325787923.0067375
2025-05-24 00:03:48,cardano,0.748254247966839,1417851508.940276
2025-05-24 01:03:42,cardano,0.7487295655215073,1333727973.010552
2025-05-24 02:03:02,cardano,0.750454935585609,1396676561.7933905
2025-05-24 03:03:32,cardano,0.7542223710085115,1351917855.766136
2025-05-24 04:08:40,cardano,0.7608268114070112,1294552544.0916097
2025-05-24 05:04:07,cardano,0.7648070864533756,1248400174.458817
2025-05-24 06:02:37,cardano,0.759656839810567,1186069971.625178
2025-05-24 07:03:50,cardano,0.7584372954711858,1239956737.261858
2025-05-24 08:04:23,cardano,0.7582162907581337,1173919320.8230083
2025-05-24 09:03:13,cardano,0.7576502514882045,1155787998.2445767
2025-05-24 10:03:48,cardano,0.7569399058121882,1143199398.4089823
2025-05-24 11:06:05,cardano,0.7638342697926929,1173905539.2490933
2025-05-24 12:01:50,cardano,0.762044846900118,1074278971.5811694
2025-05-24 13:01:31,cardano,0.7599684980912235,926371687.8907238
2025-05-24 14:03:04,cardano,0.758939105734265,840096388.4681953
2025-05-24 15:03:35,cardano,0.7602159247122543,799998323.68325
2025-05-24 16:00:45,cardano,0.7579940885868366,775223375.2428303
2025-05-24 17:04:03,cardano,0.758350815781379,757012936.9185456
2025-05-24 18:03:22,cardano,0.7578580733881993,731671240.6398022
2025-05-24 19:03:33,cardano,0.7563925134876407,722228733.8203666
2025-05-24 20:08:25,cardano,0.7542771584174441,696565362.5014455
2025-05-23 21:03:55,tron,0.2711929480268446,1057855018.2657822
2025-05-23 22:03:22,tron,0.27039915478993637,1056162350.2002196
2025-05-23 23:03:50,tron,0.270609824979479,1052869210.4148332
2025-05-24 00:03:48,tron,0.2684823878080289,1084292524.8305993
2025-05-24 01:02:05,tron,0.2704003655468773,1080196686.285231
2025-05-24 02:03:30,tron,0.2712955112922677,1069067113.972144
2025-05-24 03:03:37,tron,0.2726752494746896,1051715196.7270194
2025-05-24 04:08:34,tron,0.2728723997717945,1036669705.7795541
2025-05-24 05:03:44,tron,0.27284069295787095,1026423855.8607435
2025-05-24 06:08:13,tron,0.27281534636417,1009097361.8791556
2025-05-24 07:03:51,tron,0.27250132295585927,983216645.4285958
2025-05-24 08:04:35,tron,0.2721975890146238,968363948.2610345
2025-05-24 09:08:18,tron,0.2724991945336145,962519895.4359484
2025-05-24 10:03:25,tron,0.27282305332678064,941769848.6415424
2025-05-24 11:04:59,tron,0.2735791807456134,924657189.607677
2025-05-24 12:04:00,tron,0.27258512385381567,846571318.3172327
2025-05-24 13:03:50,tron,0.27161986098666996,734921047.8761272
2025-05-24 14:03:33,tron,0.27209474607315876,692851003.125209
2025-05-24 15:03:58,tron,0.2716827533621363,685673790.7111286
2025-05-24 16:03:53,tron,0.27128902063553106,682360727.5697708
2025-05-24 17:03:42,tron,0.27051764721437155,679411066.1749982
2025-05-24 18:03:39,tron,0.27061733239682223,655321695.4770992
2025-05-24 19:03:36,tron,0.27117749213461695,631106693.8228499
2025-05-24 20:07:06,tron,0.27096853770260004,601815728.6973233
2025-05-23 21:03:27,staked-ether,2545.025049397961,41612964.23027218
2025-05-23 22:03:36,staked-ether,2538.7372806800877,42148789.34790686
2025-05-23 23:03:42,staked-ether,2537.488714035802,41781284.85977986
2025-05-24 00:03:37,staked-ether,2518.0805701258555,42973216.50333517
2025-05-24 01:03:45,staked-ether,2529.5063859897227,43595780.978234045
2025-05-24 02:04:00,staked-ether,2526.4999209470516,43087681.17274864
2025-05-24 03:03:36,staked-ether,2537.236387037522,41556491.91956672
2025-05-24 04:06:36,staked-ether,2548.726015201546,43568611.00472182
2025-05-24 05:03:45,staked-ether,2556.9519717833086,49151042.98310612
2025-05-24 06:02:22,staked-ether,2546.717747750917,49559291.68476142
2025-05-24 07:01:57,staked-ether,2540.70168927625,48867970.22386351
2025-05-24 08:07:29,staked-ether,2547.889785592993,46674677.72722917
2025-05-24 09:01:34,staked-ether,2553.8461855728638,44743742.130385116
2025-05-24 10:01:28,staked-ether,2556.6827282894888,48444170.14065509
2025-05-24 11:02:32,staked-ether,2572.852540520845,48508902.72845186
2025-05-24 12:04:03,staked-ether,2563.975686633556,41867172.990663365
2025-05-24 13:03:39,staked-ether,2554.488101340798,34588183.852348305
2025-05-24 14:03:36,staked-ether,2552.3203611272465,33006697.394952558
2025-05-24 15:03:47,staked-ether,2558.2953026409855,32663540.204382844
2025-05-24 16:03:31,staked-ether,2552.4326672380153,31303557.936337817
2025-05-24 17:04:01,staked-ether,2552.8695849371643,26493115.774774205
2025-05-24 18:03:39,staked-ether,2560.7856423870353,25869450.499624226
2025-05-24 19:03:26,staked-ether,2557.5324256780973,26852221.335670426
2025-05-24 20:05:40,staked-ether,2551.515111506321,26028808.252255462
2025-05-23 21:03:56,wrapped-bitcoin,108170.27175771786,419614382.8416498
2025-05-23 22:03:56,wrapped-bitcoin,108298.29354075863,421262002.8893398
2025-05-23 23:04:03,wrapped-bitcoin,107790.483908009,433130559.47200567
2025-05-24 00:03:37,wrapped-bitcoin,107249.80517208997,447055664.27937186
2025-05-24 01:03:37,wrapped-bitcoin,107480.5879866359,428302551.90650547
2025-05-24 02:04:00,wrapped-bitcoin,107510.51980909883,423321003.77412343
2025-05-24 03:03:48,wrapped-bitcoin,107527.52529763008,415196424.6687525
2025-05-24 04:08:36,wrapped-bitcoin,108111.25758751582,436065762.09881127
2025-05-24 05:04:02,wrapped-bitcoin,108217.03285171202,431184627.3285943
2025-05-24 06:02:30,wrapped-bitcoin,107913.96640407859,428908125.8838677
2025-05-24 07:02:07,wrapped-bitcoin,107676.88199503547,421483330.4446504
2025-05-24 08:02:27,wrapped-bitcoin,107527.29404890673,421220455.7294357
2025-05-24 09:02:15,wrapped-bitcoin,107816.29054394935,407464237.9037267
2025-05-24 10:02:10,wrapped-bitcoin,107989.54454204568,416698892.0642241
2025-05-24 11:08:31,wrapped-bitcoin,108930.51399555927,390376798.0998832
2025-05-24 12:04:03,wrapped-bitcoin,109027.73398162916,380631196.76960814
2025-05-24 13:02:54,wrapped-bitcoin,108620.01729271041,319569796.98028535
2025-05-24 14:02:46,wrapped-bitcoin,108515.52794479352,295970165.6254652
2025-05-24 15:02:59,wrapped-bitcoin,108739.89973021866,290184953.35862917
2025-05-24 16:03:31,wrapped-bitcoin,108682.88479206027,247271782.2327659
2025-05-24 17:03:39,wrapped-bitcoin,108764.3358000972,256104526.03199586
2025-05-24 18:03:28,wrapped-bitcoin,108705.84959328597,243253509.36666688
2025-05-24 19:03:26,wrapped-bitcoin,108857.32707536507,235953921.71324956
2025-05-24 20:04:14,wrapped-bitcoin,108845.91243071186,230838613.9125645
2025-05-23 21:03:22,hyperliquid,33.371223335862055,545805261.765693
2025-05-23 22:03:20,hyperliquid,33.51517535662883,546370315.2067503
2025-05-23 23:03:22,hyperliquid,33.36962897325059,558726355.0667763
2025-05-24 00:03:53,hyperliquid,32.71763634897189,570568732.8573723
2025-05-24 01:03:11,hyperliquid,32.93558839283323,578286554.886327
2025-05-24 02:04:00,hyperliquid,32.97835264633367,571789410.8897749
2025-05-24 03:03:30,hyperliquid,32.30847681999137,536532864.7355699
2025-05-24 04:08:37,hyperliquid,33.17305108579328,521839722.86262417
2025-05-24 05:03:53,hyperliquid,33.69549695321243,510647841.56219304
2025-05-24 06:01:50,hyperliquid,33.160899921349454,500571147.3378099
2025-05-24 07:03:53,hyperliquid,33.052586985328645,493873974.78318506
2025-05-24 08:03:31,hyperliquid,34.137183931425845,498039734.19121134
2025-05-24 09:03:21,hyperliquid,34.399684461259255,502118588.7717704
2025-05-24 10:03:52,hyperliquid,34.498708157493446,490526274.20380056
2025-05-24 11:02:46,hyperliquid,35.2296915081273,477438608.1483534
2025-05-24 12:03:23,hyperliquid,34.95581280923199,468534414.3080002
2025-05-24 13:03:49,hyperliquid,34.814260359623376,408933952.81653744
2025-05-24 14:01:07,hyperliquid,34.71899131106515,391561231.19979674
2025-05-24 15:03:42,hyperliquid,34.35068910299092,361952550.8426299
2025-05-24 16:03:45,hyperliquid,34.51652374261402,354952674.5831017
2025-05-24 17:03:55,hyperliquid,34.675735541983535,335312991.0813488
2025-05-24 18:03:49,hyperliquid,35.50099174444248,332487377.3328116
2025-05-24 19:03:40,hyperliquid,35.29235180101391,328432467.2577712
2025-05-24 20:08:15,hyperliquid,35.13546902633016,320560097.1921369
2025-05-23 21:02:49,sui,3.678617805237425,2484228498.4981904
2025-05-23 22:03:26,sui,3.65208689691918,2187023880.9491143
2025-05-23 23:03:39,sui,3.6415752150022116,2319803737.8203893
2025-05-24 00:02:22,sui,3.5957430591892727,2538537877.213492
2025-05-24 01:03:32,sui,3.6264762601135216,2330255870.2419796
2025-05-24 02:03:35,sui,3.6341752964477982,2415956035.20588
2025-05-24 03:03:43,sui,3.646204966255078,2209697564.4756894
2025-05-24 04:08:16,sui,3.666185842524108,2168448611.5757403
2025-05-24 05:04:07,sui,3.676896837096428,2222461336.8901277
2025-05-24 06:03:17,sui,3.6733833530160163,2175052117.47974
2025-05-24 07:03:27,sui,3.658726172719915,2129469635.9923072
2025-05-24 08:03:44,sui,3.6554337507528323,2003864120.9181292
2025-05-24 09:03:20,sui,3.6519085780745435,2073400543.5776792
2025-05-24 10:03:50,sui,3.6442403135704273,2057530290.1324723
2025-05-24 11:07:26,sui,3.6597388386723906,2030377688.944441
2025-05-24 12:00:00,sui,3.6458013101961604,1924179953.786625
2025-05-24 13:03:43,sui,3.654126145615442,1405580898.1045823
2025-05-24 14:03:23,sui,3.653783124573653,1241652636.307254
2025-05-24 15:03:49,sui,3.649864481537685,1158521883.514885
2025-05-24 16:04:01,sui,3.629737782203025,1079479695.0388112
2025-05-24 17:03:35,sui,3.6272735966205873,1048318736.5528435
2025-05-24 18:03:45,sui,3.636775116074207,942740168.4370612
2025-05-24 19:03:31,sui,3.6407377188600227,910099358.9727756
2025-05-24 20:08:15,sui,3.628677964467616,801334869.8080368
2025-05-23 21:03:55,wrapped-steth,3069.4996807796647,26770615.72424791
2025-05-23 22:03:36,wrapped-steth,3057.7318462237586,27171012.75721478
2025-05-23 23:03:41,wrapped-steth,3052.1405957686807,26132088.73849032
2025-05-24 00:03:37,wrapped-steth,3038.7893247445913,26420880.713595163
2025-05-24 01:03:43,wrapped-steth,3035.3395101991878,27445418.966553677
2025-05-24 02:04:01,wrapped-steth,3040.7410094122474,27907345.282574702
2025-05-24 03:03:20,wrapped-steth,3051.7547410000684,27466296.980709843
2025-05-24 04:03:12,wrapped-steth,3066.91479899974,27202820.976219088
2025-05-24 05:03:56,wrapped-steth,3073.815456767308,30853445.25595943
2025-05-24 06:08:19,wrapped-steth,3067.0299808766163,20697772.067275003
2025-05-24 07:03:55,wrapped-steth,3061.4798493434505,29404549.64776248
2025-05-24 08:03:33,wrapped-steth,3078.325088406019,22969332.84561624
2025-05-24 09:02:37,wrapped-steth,3074.167282273364,29955678.75753891
2025-05-24 10:02:35,wrapped-steth,3074.1111432623834,28587458.45796926
2025-05-24 11:07:42,wrapped-steth,3094.641895738751,29235178.13614412
2025-05-24 12:03:21,wrapped-steth,3085.8412019675934,8860061.16711864
2025-05-24 13:03:36,wrapped-steth,3074.629644465475,27845120.910378736
2025-05-24 14:02:07,wrapped-steth,3073.7423843283123,26445701.697865136
2025-05-24 15:02:16,wrapped-steth,3076.154736229592,25519407.992144704
2025-05-24 16:02:59,wrapped-steth,3076.5837894261194,22066174.7794087
2025-05-24 17:04:05,wrapped-steth,3068.1593540862605,12130008.014539761
2025-05-24 18:03:43,wrapped-steth,3081.2453307490373,19836969.462468155
2025-05-24 19:03:27,wrapped-steth,3074.937004615977,19945756.99413767
2025-05-24 20:03:17,wrapped-steth,3074.8518351536613,20044502.081323262
2025-05-23 21:03:27,chainlink,15.90771228876905,766833621.847538
2025-05-23 22:03:45,chainlink,15.832685371122611,765941924.1222786
2025-05-23 23:03:59,chainlink,15.789003104804964,763450743.4070169
2025-05-24 00:03:10,chainlink,15.60755947551044,790150322.655915
2025-05-24 01:03:20,chainlink,15.57304268860628,778451561.0387783
2025-05-24 02:04:01,chainlink,15.565640708814094,761848528.0920705
2025-05-24 03:03:57,chainlink,15.644610004787813,742539850.2818807
2025-05-24 04:08:13,chainlink,15.724615264529776,734803849.1660713
2025-05-24 05:04:02,chainlink,15.799469519995528,726333395.7812612
2025-05-24 06:03:07,chainlink,15.771370885783169,713439075.3501812
2025-05-24 07:03:33,chainlink,15.702728338951662,689987547.8468643
2025-05-24 08:03:32,chainlink,15.686212990434155,679971133.2768167
2025-05-24 09:08:19,chainlink,15.735787519145555,680224670.4579626
2025-05-24 10:03:55,chainlink,15.73206256494505,670441530.7470815
2025-05-24 11:08:35,chainlink,15.84927306317023,658243829.4794885
2025-05-24 12:03:06,chainlink,15.799241421663927,628115578.154902
2025-05-24 13:03:42,chainlink,15.735495483892349,512318114.8054905
2025-05-24 14:03:34,chainlink,15.717956187222198,480444016.754079
2025-05-24 15:02:57,chainlink,15.69707800987961,455255915.49072903
2025-05-24 16:03:33,chainlink,15.642482787022601,442783824.81730956
2025-05-24 17:03:44,chainlink,15.610682596066933,423875086.85552657
2025-05-24 18:03:47,chainlink,15.597883659627314,420350054.3231814
2025-05-24 19:03:36,chainlink,15.504747801686353,414973709.8004757
2025-05-24 20:08:26,chainlink,15.4810728017733,405570755.83688873
2025-05-23 21:03:49,avalanche-2,23.79938664216243,770771176.6462276
2025-05-23 22:03:37,avalanche-2,23.766256190325425,778446820.3871974
2025-05-23 23:03:33,avalanche-2,23.65221624539243,775918533.6187873
2025-05-24 00:03:41,avalanche-2,23.05602009366085,783293845.3329504
2025-05-24 01:00:26,avalanche-2,23.19858378055451,775099063.8991859
2025-05-24 02:03:05,avalanche-2,23.129362528576408,774543223.59186
2025-05-24 03:03:32,avalanche-2,23.244415186103225,759332189.463619
2025-05-24 04:06:44,avalanche-2,23.282052772560185,747964627.7523335
2025-05-24 05:03:58,avalanche-2,23.37097523097864,742026126.8392181
2025-05-24 06:01:38,avalanche-2,23.190903552468473,740353851.3228233
2025-05-24 07:03:33,avalanche-2,23.077798128222312,720150329.6691065
2025-05-24 08:03:42,avalanche-2,23.083371340203204,716803326.9134268
2025-05-24 09:04:58,avalanche-2,23.086887886776672,717441603.8830261
2025-05-24 10:03:39,avalanche-2,23.12367235806139,699485117.6550106
2025-05-24 11:08:42,avalanche-2,23.395835394431817,681982827.2675042
2025-05-24 12:01:51,avalanche-2,23.28352661550089,649311581.508433
2025-05-24 13:03:48,avalanche-2,23.18254779098839,551367578.0966531
2025-05-24 14:03:27,avalanche-2,23.114860826877518,518061465.928393
2025-05-24 15:02:43,avalanche-2,23.14018483672704,486906077.0147829
2025-05-24 16:01:11,avalanche-2,23.110775410045097,477102192.69903046
2025-05-24 17:03:55,avalanche-2,23.068125765141648,454035812.22479993
2025-05-24 18:03:35,avalanche-2,23.08245488090133,443674678.6925935
2025-05-24 19:03:27,avalanche-2,22.92067843706994,447905006.8476423
2025-05-24 20:08:25,avalanche-2,23.012444464712946,425610285.7573821
2025-05-23 21:03:26,stellar,0.2903265275274196,340684025.5204422
2025-05-23 22:03:38,stellar,0.2894094342936446,331892129.7784904
2025-05-23 23:03:45,stellar,0.2886090963542707,340937111.7219242
2025-05-24 00:03:08,stellar,0.2859227007567293,353089161.49962866
2025-05-24 01:03:56,stellar,0.28746420844466913,347530686.0119321
2025-05-24 02:04:01,stellar,0.2877544940945476,348455799.71725166
2025-05-24 03:03:32,stellar,0.2889893571118498,335478787.4860185
2025-05-24 04:08:37,stellar,0.28988407110418873,324768780.61643106
2025-05-24 05:03:56,stellar,0.2912332345119405,317921497.14866793
2025-05-24 06:08:12,stellar,0.2904409905008429,306381441.24761355
2025-05-24 07:03:51,stellar,0.2898360060520332,296651507.891203
2025-05-24 08:04:26,stellar,0.2903565912704624,283833407.0030655
2025-05-24 09:08:18,stellar,0.2905524507609433,282056901.24992335
2025-05-24 10:03:42,stellar,0.2901003738634558,276617147.18531066
2025-05-24 11:08:35,stellar,0.2909407218916245,276943436.4192751
2025-05-24 12:03:37,stellar,0.29052144035992117,266677148.0973619
2025-05-24 13:03:43,stellar,0.289711510102616,234089337.19218516
2025-05-24 14:03:57,stellar,0.28867748052374786,219032608.48221105
2025-05-24 15:04:08,stellar,0.28872115283942196,210037816.2313345
2025-05-24 16:01:13,stellar,0.28831431934158797,204334393.13859114
2025-05-24 17:03:44,stellar,0.2882347555962284,196513444.67450866
2025-05-24 18:03:45,stellar,0.28827219017377825,190929232.98494166
2025-05-24 19:03:26,stellar,0.28750575086055125,181712683.2031264
2025-05-24 20:08:12,stellar,0.28728691551115526,172015432.18960682
2025-05-23 21:03:28,shiba-inu,1.4585754137455227e-05,454995142.57670534
2025-05-23 22:02:36,shiba-inu,1.4590817572896884e-05,484953864.34351295
2025-05-23 23:03:35,shiba-inu,1.4507395083078568e-05,454127630.6378373
2025-05-24 00:03:43,shiba-inu,1.4318643139659277e-05,506611107.63575566
2025-05-24 01:02:06,shiba-inu,1.4393954485053257e-05,459107249.67624456
2025-05-24 02:04:01,shiba-inu,1.441253184470586e-05,454989846.84138346
2025-05-24 03:03:26,shiba-inu,1.4471225742815602e-05,430579527.76083547
2025-05-24 04:08:39,shiba-inu,1.451768227534627e-05,413717586.1525719
2025-05-24 05:04:05,shiba-inu,1.4560408678496856e-05,402571281.29158807
2025-05-24 06:03:10,shiba-inu,1.4452823602757e-05,392448633.37436736
2025-05-24 07:03:51,shiba-inu,1.440547908662002e-05,382547207.6064189
2025-05-24 08:03:42,shiba-inu,1.440998299131706e-05,373210874.83472097
2025-05-24 09:08:04,shiba-inu,1.4436838589927752e-05,373558137.8093154
2025-05-24 10:03:46,shiba-inu,1.4436274826423704e-05,367995898.93003505
2025-05-24 11:03:23,shiba-inu,1.4503405981537084e-05,364552937.6705735
2025-05-24 12:03:55,shiba-inu,1.4488517462420799e-05,334993370.55945015
2025-05-24 13:03:37,shiba-inu,1.4444812473678094e-05,274409936.76525867
2025-05-24 14:03:34,shiba-inu,1.4411704252534112e-05,256069231.64082658
2025-05-24 15:04:06,shiba-inu,1.4451230350022217e-05,242941985.24227962
2025-05-24 16:03:49,shiba-inu,1.4418051492064532e-05,234304797.28836843
2025-05-24 17:03:32,shiba-inu,1.4427821064714112e-05,221819166.31955162
2025-05-24 18:03:47,shiba-inu,1.4445852817022001e-05,216443179.13058048
2025-05-24 19:03:26,shiba-inu,1.4440728937135825e-05,209848816.49723443
2025-05-24 20:08:15,shiba-inu,1.4446138248330014e-05,200214663.98749137
2025-05-23 21:03:26,leo-token,8.787093960088047,6249688.0877843145
2025-05-23 22:03:36,leo-token,8.788224626009557,6265611.181053473
2025-05-23 23:03:43,leo-token,8.78808171826346,6244335.818147413
2025-05-24 00:03:39,leo-token,8.791832378232597,6441599.139990125
2025-05-24 01:03:45,leo-token,8.83510539051492,6358000.92009696
2025-05-24 02:04:01,leo-token,8.858711064258689,6298391.648438302
2025-05-24 03:03:57,leo-token,8.834246940369365,6146499.7153332755
2025-05-24 04:08:36,leo-token,8.81288555130562,5826023.650850737
2025-05-24 05:04:02,leo-token,8.812316166854856,5666298.487629012
2025-05-24 06:08:23,leo-token,8.812441570076928,5562554.108145472
2025-05-24 07:03:55,leo-token,8.811794530498284,5464886.1029843455
2025-05-24 08:06:21,leo-token,8.785508750783848,5319859.647000996
2025-05-24 09:08:19,leo-token,8.790247759928182,5251883.632419534
2025-05-24 10:03:53,leo-token,8.790814765895488,5181368.599437503
2025-05-24 11:08:37,leo-token,8.784615643190783,5083124.475007527
2025-05-24 12:03:46,leo-token,8.808314026701016,4575415.592563947
2025-05-24 13:03:42,leo-token,8.809878794966803,3696045.024107568
2025-05-24 14:03:38,leo-token,8.811163338540657,3469134.810764495
2025-05-24 15:03:30,leo-token,8.813800268626936,3286670.911890396
2025-05-24 16:03:26,leo-token,8.809059912228124,3211367.2235726486
2025-05-24 17:04:13,leo-token,8.814424371439442,3071377.267909302
2025-05-24 18:03:52,leo-token,8.81435793228452,3014695.5894982093
2025-05-24 19:03:51,leo-token,8.813850352055068,2920063.809624884
2025-05-24 20:08:31,leo-token,8.81306160898788,2852779.6663438175
2025-05-23 21:03:22,bitcoin-cash,434.9614207346172,464215782.77483356
2025-05-23 22:03:46,bitcoin-cash,435.34494266409325,462802727.46292174
2025-05-23 23:02:30,bitcoin-cash,433.6696819140317,470987414.73667395
2025-05-24 00:03:35,bitcoin-cash,428.0114863566072,458087937.4978857
2025-05-24 01:03:48,bitcoin-cash,426.5105348283704,452232095.75373966
2025-05-24 02:04:01,bitcoin-cash,429.9264758235679,434521744.19516534
2025-05-24 03:03:41,bitcoin-cash,429.06237913995693,413254412.2066461
2025-05-24 04:03:02,bitcoin-cash,429.6255119243919,405680390.604964
2025-05-24 05:03:33,bitcoin-cash,430.41518452655157,388206291.346857
2025-05-24 06:00:27,bitcoin-cash,429.3893797396036,378331608.4589699
2025-05-24 07:03:51,bitcoin-cash,427.9801087771597,363274151.64189345
2025-05-24 08:01:05,bitcoin-cash,427.9326195430675,347864331.1599641
2025-05-24 09:05:50,bitcoin-cash,429.2120177213987,341401334.0080794
2025-05-24 10:03:39,bitcoin-cash,428.4103424171103,325734088.70509005
2025-05-24 11:08:33,bitcoin-cash,430.5346196049562,326379469.11888015
2025-05-24 12:03:54,bitcoin-cash,429.2534472235245,316956289.85155886
2025-05-24 13:03:37,bitcoin-cash,428.150767763788,283606689.46544975
2025-05-24 14:00:00,bitcoin-cash,427.7276183745444,256474817.13339826
2025-05-24 15:03:59,bitcoin-cash,427.92502048863184,246299690.3179533
2025-05-24 16:03:40,bitcoin-cash,427.21940757857016,230764163.94624624
2025-05-24 17:02:42,bitcoin-cash,428.75658844183215,217542675.9062492
2025-05-24 18:03:50,bitcoin-cash,427.1654693715845,207254496.32110068
2025-05-24 19:03:33,bitcoin-cash,426.03704148425663,204121084.6976389
2025-05-24 20:08:21,bitcoin-cash,425.05869353539845,194233437.11380905
2025-05-23 21:03:56,hedera-hashgraph,0.19556520789796772,255992831.2680769
2025-05-23 22:03:55,hedera-hashgraph,0.194319258346755,252947950.83599058
2025-05-23 23:04:02,hedera-hashgraph,0.19341144889494039,250933617.8087576
2025-05-24 00:03:58,hedera-hashgraph,0.19042364159115957,256189257.99911028
2025-05-24 01:03:36,hedera-hashgraph,0.19083630183528483,260493791.0327727
2025-05-24 02:04:01,hedera-hashgraph,0.19044605360436884,255156031.64637208
2025-05-24 03:03:34,hedera-hashgraph,0.19140785093763077,245768708.85806173
2025-05-24 04:08:28,hedera-hashgraph,0.19250604043722444,241113633.91102457
2025-05-24 05:03:59,hedera-hashgraph,0.19343638520357753,235922812.5164237
2025-05-24 06:01:54,hedera-hashgraph,0.19204779411598596,234190122.17271426
2025-05-24 07:03:51,hedera-hashgraph,0.1911870411787442,227961916.09805483
2025-05-24 08:03:46,hedera-hashgraph,0.19107613298519785,222263740.1538919
2025-05-24 09:08:09,hedera-hashgraph,0.19162471252146915,219552878.63758102
2025-05-24 10:03:51,hedera-hashgraph,0.19074275558990123,215621952.55962455
2025-05-24 11:08:34,hedera-hashgraph,0.1918963884266456,212492431.84455094
2025-05-24 12:03:50,hedera-hashgraph,0.1914495386117972,195933131.0295762
2025-05-24 13:03:40,hedera-hashgraph,0.19090596355914016,164138347.38201243
2025-05-24 14:03:32,hedera-hashgraph,0.19046436569116268,156242608.79421172
2025-05-24 15:02:00,hedera-hashgraph,0.19049964498618507,150134852.58976606
2025-05-24 16:03:50,hedera-hashgraph,0.1902019833708545,147077811.0119335
2025-05-24 17:03:44,hedera-hashgraph,0.19033782572209937,136526917.62042764
2025-05-24 18:03:50,hedera-hashgraph,0.19070984777019218,136433011.75236627
2025-05-24 19:03:27,hedera-hashgraph,0.19004643380268044,135705776.1015989
2025-05-24 20:08:13,hedera-hashgraph,0.19042296475300183,131863289.72843182
2025-05-23 21:03:28,monero,395.9483299004536,147249793.60454547
2025-05-23 22:03:44,monero,398.5390742018028,145215207.49378392
2025-05-23 23:03:29,monero,396.24102574417634,144030389.34075326
2025-05-24 00:03:51,monero,392.71348064864065,141215888.96018183
2025-05-24 01:03:22,monero,393.06238592089295,136911895.38629508
2025-05-24 02:04:05,monero,387.09165684580324,134604168.1155428
2025-05-24 03:03:58,monero,389.64395711020455,132187771.34958507
2025-05-24 04:08:39,monero,390.54001956178047,130553911.9803881
2025-05-24 05:03:37,monero,390.9691286911437,125831695.82251748
2025-05-24 06:08:11,monero,388.96545198542333,123884495.6391487
2025-05-24 07:03:40,monero,395.88994275324717,120360647.036402
2025-05-24 08:03:34,monero,398.9872816794756,124020353.22287871
2025-05-24 09:06:23,monero,402.15888286041445,128384220.73382246
2025-05-24 10:03:40,monero,402.77048566164126,127681817.74007115
2025-05-24 11:08:25,monero,405.3217879187876,128242896.31630297
2025-05-24 12:02:01,monero,403.713322741533,129226679.40339248
2025-05-24 13:02:02,monero,400.7756954409085,127119299.35417885
2025-05-24 14:03:41,monero,397.89876304640654,124401470.1816959
2025-05-24 15:04:00,monero,396.75628596169787,120805766.39927953
2025-05-24 16:03:37,monero,398.48486495391654,117720621.56735878
2025-05-24 17:03:34,monero,399.5828841120836,115903026.11066331
2025-05-24 18:03:47,monero,404.0861823513893,114191633.06672226
2025-05-24 19:03:30,monero,402.35413742740104,114591938.56550115
2025-05-24 20:05:46,monero,398.9196903566327,109445615.33692986
2025-05-23 21:03:48,the-open-network,3.0379541608419753,250781993.47785273
2025-05-23 22:03:25,the-open-network,3.028602378834216,251236232.2388014
2025-05-23 23:02:35,the-open-network,3.0163896957349903,250351896.10621992
2025-05-24 00:03:50,the-open-network,2.97668894965768,257974826.88195717
2025-05-24 01:03:50,the-open-network,2.9919733976322656,262196672.7727493
2025-05-24 02:04:01,the-open-network,2.9940734991765434,260896016.7447495
2025-05-24 03:03:41,the-open-network,3.005740044235263,242315087.64600977
2025-05-24 04:03:18,the-open-network,3.010715348376824,250813850.95084503
2025-05-24 05:04:02,the-open-network,3.0274096639227994,232468314.64307347
2025-05-24 06:07:14,the-open-network,3.0177215386635354,239631771.086573
2025-05-24 07:02:37,the-open-network,3.015434016005551,232144371.52835345
2025-05-24 08:03:40,the-open-network,3.022636202673063,229758732.6903005
2025-05-24 09:05:51,the-open-network,3.0273616562353616,228241695.7033459
2025-05-24 10:03:37,the-open-network,3.0200609957324103,224715651.45702335
2025-05-24 11:08:35,the-open-network,3.0234547708140393,219652119.77847442
2025-05-24 12:03:53,the-open-network,3.0146296382854034,203925316.57052267
2025-05-24 13:03:37,the-open-network,2.9958369225802817,170127611.9951568
2025-05-24 14:03:39,the-open-network,2.9992779282611983,160359153.09646618
2025-05-24 15:03:40,the-open-network,3.0123059665703087,153503219.6066426
2025-05-24 16:03:36,the-open-network,3.0068424252350496,146356529.3844839
2025-05-24 17:04:07,the-open-network,3.003975704450441,136273155.59504148
2025-05-24 18:03:47,the-open-network,3.010953592414712,135296794.41454265
2025-05-24 19:03:49,the-open-network,3.012456063304225,134143482.88780636
2025-05-24 20:08:15,the-open-network,3.0276507745553243,122130997.23380113
2025-05-23 21:03:44,litecoin,97.44866685727479,665461286.9994437
2025-05-23 22:02:21,litecoin,97.2308368188332,665251583.6476355
2025-05-23 23:03:37,litecoin,96.76872374592233,658090552.6953628
2025-05-24 00:00:44,litecoin,95.33939834887626,640116441.98797
2025-05-24 01:03:55,litecoin,95.86171049891473,654032046.6323645
2025-05-24 02:03:14,litecoin,96.19144469462891,653110048.312999
2025-05-24 03:03:32,litecoin,96.50958173879708,636770828.8428171
2025-05-24 04:08:22,litecoin,96.69719107169072,621852370.0818911
2025-05-24 05:04:04,litecoin,97.01096333607232,611351500.1656144
2025-05-24 06:01:55,litecoin,96.55795196006129,601058635.2295815
2025-05-24 07:01:37,litecoin,96.41047555306703,582693931.1009549
2025-05-24 08:03:42,litecoin,96.65892917351162,574401119.9120454
2025-05-24 09:03:14,litecoin,97.04083669168367,567820329.7236928
2025-05-24 10:03:44,litecoin,97.38399163973713,566161654.683704
2025-05-24 11:08:34,litecoin,97.67689908931403,558187537.6387737
2025-05-24 12:03:49,litecoin,97.32230446526374,514504147.50645334
2025-05-24 13:03:43,litecoin,97.09210718354932,430906071.48259693
2025-05-24 14:03:23,litecoin,96.82958606848247,425770363.0768136
2025-05-24 15:03:33,litecoin,96.85396673276385,404706030.7372667
2025-05-24 16:03:48,litecoin,96.92195900786955,390744509.9483068
2025-05-24 17:03:37,litecoin,96.3806541280143,387897407.9011734
2025-05-24 18:03:36,litecoin,96.38697950117022,364264107.2631201
2025-05-24 19:03:28,litecoin,96.59203117326031,381348439.37590873
2025-05-24 20:08:07,litecoin,96.80130642233881,370547571.20681745
2025-05-23 21:03:53,weth,2545.7349940073773,130615104.35755756
2025-05-23 22:02:19,weth,2533.2373764478016,100221293.93048356
2025-05-23 23:02:21,weth,2540.1839361818547,1442062254.592934
2025-05-24 00:01:36,weth,2524.4695321442614,120578064.17374988
2025-05-24 01:01:32,weth,2527.381584310252,111586716.46170835
2025-05-24 02:04:01,weth,2524.1654675649634,80133467.0341037
2025-05-24 03:03:57,weth,2537.0498756456213,731071660.1962078
2025-05-24 04:08:37,weth,2548.1285193044146,115434362.41703211
2025-05-24 05:03:37,weth,2559.0081212080117,996651730.6909913
2025-05-24 06:08:24,weth,2546.0267896325363,152679008.17953792
2025-05-24 07:03:26,weth,2543.9243152422064,436235099.9286694
2025-05-24 08:03:34,weth,2546.397011408948,943762116.5417132
2025-05-24 09:00:30,weth,2555.4763484573627,1250750898.3655229
2025-05-24 10:03:32,weth,2557.116788100867,55294430.06444478
2025-05-24 11:01:41,weth,2574.695282088473,496849047.78433037
2025-05-24 12:03:35,weth,2564.050640856587,142119158.2946539
2025-05-24 13:03:43,weth,2554.202487800719,72763768.68736301
2025-05-24 14:03:49,weth,2552.8441874449227,721689464.2334851
2025-05-24 15:03:59,weth,2560.5496782130017,39190028.38390052
2025-05-24 16:03:55,weth,2553.283178935177,548753236.2368691
2025-05-24 17:04:00,weth,2557.5804815186907,150264644.48058918
2025-05-24 18:03:28,weth,2560.4642902544006,395881630.8667611
2025-05-24 19:03:28,weth,2560.394939294755,41168445.86055322
2025-05-24 20:08:21,weth,2553.259608914254,82351306.28311813
2025-05-23 21:03:28,polkadot,4.6599319841252305,378182934.6841299
2025-05-23 22:01:20,polkadot,4.6567008389463345,388419822.2212717
2025-05-23 23:02:03,polkadot,4.62387533890822,380005024.60664403
2025-05-24 00:01:35,polkadot,4.559349635372725,394644545.3789066
2025-05-24 01:03:54,polkadot,4.582424819563114,391517560.55669796
2025-05-24 02:01:33,polkadot,4.589369966142913,388243965.87584317
2025-05-24 03:03:34,polkadot,4.606908694131752,345273397.5918332
2025-05-24 04:08:35,polkadot,4.6111997380966505,340420186.1812632
2025-05-24 05:03:58,polkadot,4.625950311231923,331396153.1246922
2025-05-24 06:00:48,polkadot,4.59851912496893,327643020.1488649
2025-05-24 07:03:51,polkadot,4.582234994200498,312833914.30564845
2025-05-24 08:04:31,polkadot,4.5939036284519545,310702939.7829701
2025-05-24 09:08:12,polkadot,4.604210028695425,308613049.3915867
2025-05-24 10:03:43,polkadot,4.597743065687843,304356357.4485115
2025-05-24 11:08:33,polkadot,4.623051389497693,301344473.055357
2025-05-24 12:04:08,polkadot,4.614014923723122,287147455.9268629
2025-05-24 13:01:28,polkadot,4.603445687898402,248911868.25692704
2025-05-24 14:03:49,polkadot,4.580293207592225,220201591.04871604
2025-05-24 15:02:58,polkadot,4.581991586672711,210013045.16221538
2025-05-24 16:02:10,polkadot,4.566944497882136,200621041.05647942
2025-05-24 17:03:54,polkadot,4.577709170412933,195230575.11923072
2025-05-24 18:03:38,polkadot,4.591597582205747,193604013.00364232
2025-05-24 19:03:33,polkadot,4.580547634322533,191955275.5506737
2025-05-24 20:01:03,polkadot,4.582620985268728,184915399.77384743
2025-05-23 21:03:32,usds,0.9997447747625781,19428726.211066533
2025-05-23 22:03:32,usds,0.9997756000807274,20348031.796252098
2025-05-23 23:03:39,usds,0.9998313475701629,18835827.373830363
2025-05-24 00:01:35,usds,0.9998122509062507,15546333.26707846
2025-05-24 01:03:59,usds,0.9997644290151613,18195243.266201064
2025-05-24 02:03:59,usds,0.9997283475315006,19045926.386242036
2025-05-24 03:03:54,usds,0.9997374867265169,19995344.178631425
2025-05-24 04:03:15,usds,0.9998708844568139,19671683.421264876
2025-05-24 05:03:09,usds,0.9998602865951436,16731090.331992565
2025-05-24 06:03:03,usds,0.9997153719103112,16911929.210447036
2025-05-24 07:02:07,usds,0.9997616370007711,16956082.43316031
2025-05-24 08:05:39,usds,0.9998192482506807,14249930.778881477
2025-05-24 09:03:19,usds,0.9997835398730553,15774371.9537893
2025-05-24 10:03:28,usds,0.999747630994589,12725741.504592974
2025-05-24 11:08:42,usds,0.999798203681323,11259326.537503691
2025-05-24 12:01:10,usds,0.9997975001271793,12471327.993909985
2025-05-24 13:03:43,usds,0.9998390525097667,10772249.131457683
2025-05-24 14:03:57,usds,0.9998306963597782,7720437.377109451
2025-05-24 15:04:07,usds,0.9997830143172275,9770738.781693371
2025-05-24 16:04:03,usds,0.999788639099491,9329875.824451948
2025-05-24 17:01:43,usds,0.9997733501724441,8426888.022128195
2025-05-24 18:03:42,usds,0.9997972359922329,7603471.319492132
2025-05-24 19:03:28,usds,0.9998026294920902,8628700.149630768
2025-05-24 20:08:07,usds,0.9997322995300038,7182499.87343984
2025-05-23 21:03:22,bitget-token,5.5715738604532445,171707025.2179981
2025-05-23 22:03:34,bitget-token,5.574790435717111,185125357.92836493
2025-05-23 23:03:30,bitget-token,5.510664770704711,189999500.82971868
2025-05-24 00:03:28,bitget-token,5.432527635544619,201708435.2686177
2025-05-24 01:01:31,bitget-token,5.4754661899500086,207166095.95062667
2025-05-24 02:04:02,bitget-token,5.527436857966431,181082530.70030132
2025-05-24 03:03:58,bitget-token,5.52820298011339,167308576.6085517
2025-05-24 04:08:37,bitget-token,5.541989006972328,160131514.745929
2025-05-24 05:04:03,bitget-token,5.559555122293182,149480899.15101618
2025-05-24 06:03:42,bitget-token,5.53495069442379,141465191.77330485
2025-05-24 07:03:20,bitget-token,5.523443263575813,136710843.1472826
2025-05-24 08:05:38,bitget-token,5.508279260743349,136511661.61104393
2025-05-24 09:02:32,bitget-token,5.457103936492006,120162248.96725267
2025-05-24 10:03:49,bitget-token,5.492225429975963,120196549.76630938
2025-05-24 11:04:22,bitget-token,5.529484420059645,113637956.96730942
2025-05-24 12:04:04,bitget-token,5.520659332943079,103828033.57224517
2025-05-24 13:03:23,bitget-token,5.497516661432047,91811762.45760675
2025-05-24 14:03:25,bitget-token,5.554349101846244,90528891.51193506
2025-05-24 15:03:53,bitget-token,5.624065644973602,90520123.6512502
2025-05-24 16:03:55,bitget-token,5.625503895386615,92271135.23927748
2025-05-24 17:03:44,bitget-token,5.637955278673009,92087920.68821175
2025-05-24 18:03:22,bitget-token,5.668583658407908,89336908.38287407
2025-05-24 19:03:28,bitget-token,5.688661851530832,87449558.10959369
2025-05-24 20:08:28,bitget-token,5.612920434080717,93107222.20948707
2025-05-23 21:03:32,wrapped-eeth,2721.8784756142372,9959503.989884173
2025-05-23 22:03:46,wrapped-eeth,2717.2282572156987,10086170.795036916
2025-05-23 23:03:53,wrapped-eeth,2710.335360034556,10321293.596959827
2025-05-24 00:03:32,wrapped-eeth,2698.196011760664,10361160.512579149
2025-05-24 01:03:57,wrapped-eeth,2703.9946185093618,13173435.102846641
2025-05-24 02:03:58,wrapped-eeth,2701.4833970944233,13512818.897933356
2025-05-24 03:03:54,wrapped-eeth,2709.3074659155373,13498132.530826591
2025-05-24 04:08:33,wrapped-eeth,2714.126787660396,11806966.291477097
2025-05-24 05:03:29,wrapped-eeth,2729.0600205693054,12720322.165134137
2025-05-24 06:08:16,wrapped-eeth,2717.3500843023494,12067603.42743917
2025-05-24 07:03:47,wrapped-eeth,2715.7807857895887,11894192.32657818
2025-05-24 08:03:35,wrapped-eeth,2721.354922363842,11476688.133029718
2025-05-24 09:00:48,wrapped-eeth,2724.3336678375117,11466476.485499566
2025-05-24 10:03:36,wrapped-eeth,2726.0520142962005,11358968.356506236
2025-05-24 11:07:08,wrapped-eeth,2750.194801100666,11261581.041141199
2025-05-24 12:00:53,wrapped-eeth,2740.5815314659767,13013408.324984914
2025-05-24 13:03:28,wrapped-eeth,2734.3953799439996,12611267.242251035
2025-05-24 14:03:25,wrapped-eeth,2724.643471497529,12005297.982035045
2025-05-24 15:03:35,wrapped-eeth,2730.8055419976195,12800804.166348675
2025-05-24 16:03:32,wrapped-eeth,2726.0685584513094,12837571.403967615
2025-05-24 17:04:05,wrapped-eeth,2728.27222930564,12849752.611340301
2025-05-24 18:03:44,wrapped-eeth,2734.5402345666007,13016022.185595213
2025-05-24 19:03:29,wrapped-eeth,2726.6507445922307,12724930.043784995
2025-05-24 20:03:22,wrapped-eeth,2723.1988077131155,12653763.534658112
2025-05-23 21:03:40,binance-bridged-usdt-bnb-smart-chain,1.0004294355099999,4404910776.764503
2025-05-23 22:03:40,binance-bridged-usdt-bnb-smart-chain,1.0018600369236832,4233789133.6358747
2025-05-23 23:03:47,binance-bridged-usdt-bnb-smart-chain,1.0000704156082807,536257713.13908744
2025-05-24 00:03:28,binance-bridged-usdt-bnb-smart-chain,1.0004340210716602,742175690.4410415
2025-05-24 01:02:00,binance-bridged-usdt-bnb-smart-chain,1.0006688425672836,4543034437.124607
2025-05-24 02:02:03,binance-bridged-usdt-bnb-smart-chain,0.9992260504830665,1786864599.9855227
2025-05-24 03:04:01,binance-bridged-usdt-bnb-smart-chain,0.9996613006606794,4556265247.281118
2025-05-24 04:08:30,binance-bridged-usdt-bnb-smart-chain,0.9992277142500081,4520658629.360337
2025-05-24 05:03:56,binance-bridged-usdt-bnb-smart-chain,0.9996521643205256,4261172788.3298707
2025-05-24 06:03:06,binance-bridged-usdt-bnb-smart-chain,0.9996145473337951,4539029454.686407
2025-05-24 07:00:54,binance-bridged-usdt-bnb-smart-chain,1.0001715888748892,1501803297.6979747
2025-05-24 08:03:51,binance-bridged-usdt-bnb-smart-chain,1.000561082696662,4661423291.811054
2025-05-24 09:08:09,binance-bridged-usdt-bnb-smart-chain,0.9978158918141539,4760695474.194897
2025-05-24 10:03:52,binance-bridged-usdt-bnb-smart-chain,0.9993778903062778,4779035646.774118
2025-05-24 11:03:24,binance-bridged-usdt-bnb-smart-chain,0.9967955494795664,4879410594.268361
2025-05-24 12:03:59,binance-bridged-usdt-bnb-smart-chain,1.0007400244163671,4859266071.740927
2025-05-24 13:03:52,binance-bridged-usdt-bnb-smart-chain,1.000172705747372,1056343202.7392236
2025-05-24 14:03:49,binance-bridged-usdt-bnb-smart-chain,1.0013293810090989,4836773075.232076
2025-05-24 15:04:02,binance-bridged-usdt-bnb-smart-chain,0.9999096055506147,4768561640.562932
2025-05-24 16:03:58,binance-bridged-usdt-bnb-smart-chain,0.9999964822957197,4808725218.64472
2025-05-24 17:04:04,binance-bridged-usdt-bnb-smart-chain,0.999577531795913,4793522402.202413
2025-05-24 18:03:25,binance-bridged-usdt-bnb-smart-chain,1.000154906331165,3919916407.0746384
2025-05-24 19:03:50,binance-bridged-usdt-bnb-smart-chain,1.0002976024730208,396102547.61403143
2025-05-24 20:00:16,binance-bridged-usdt-bnb-smart-chain,0.9998615290498079,4693083753.798558
2025-05-23 21:02:32,pi-network,0.7616816603453774,296672006.4616426
2025-05-23 22:03:26,pi-network,0.7607650098265588,297078029.66319275
2025-05-23 23:03:40,pi-network,0.7591191558630801,294791300.7066844
2025-05-24 00:03:32,pi-network,0.7484041441302731,300679939.0032068
2025-05-24 01:03:31,pi-network,0.7789735697452421,312401399.12604076
2025-05-24 02:03:33,pi-network,0.7813349201612957,323507853.38099295
2025-05-24 03:03:43,pi-network,0.7887069747610183,301231913.2824795
2025-05-24 04:07:39,pi-network,0.7955720120165051,334633904.5356584
2025-05-24 05:04:06,pi-network,0.7863822266098829,333612927.81146675
2025-05-24 06:03:15,pi-network,0.7835045184332784,334130221.1872168
2025-05-24 07:03:28,pi-network,0.7800164203740043,323579470.5436005
2025-05-24 08:03:46,pi-network,0.7782579241802616,312431778.7834779
2025-05-24 09:03:20,pi-network,0.7790951181967257,300485381.2798833
2025-05-24 10:03:52,pi-network,0.7720640544420346,296186749.67222697
2025-05-24 11:08:33,pi-network,0.7786422417325625,292211875.2306982
2025-05-24 12:03:52,pi-network,0.7793161158262769,267142986.32450262
2025-05-24 13:03:51,pi-network,0.7691096852014873,239121416.48907694
2025-05-24 14:03:43,pi-network,0.7689205589506377,219487237.58553743
2025-05-24 15:04:09,pi-network,0.7712549670052911,211880089.14587185
2025-05-24 16:00:10,pi-network,0.7696534579398355,206504532.16562515
2025-05-24 17:03:45,pi-network,0.7740604698355585,199972851.23659033
2025-05-24 18:03:49,pi-network,0.7716197213062959,199228123.02585766
2025-05-24 19:03:32,pi-network,0.7683989876062419,194517440.29959166
2025-05-24 20:02:54,pi-network,0.7729811837388616,192121666.58471045
2025-05-23 21:03:27,pepe,1.4666993544499863e-05,3300070185.2407346
2025-05-23 22:03:11,pepe,1.4625569902484538e-05,3305537148.421155
2025-05-23 23:03:40,pepe,1.4417024152314396e-05,3256418632.1134777
2025-05-24 00:03:49,pepe,1.390451343730753e-05,3215801978.9538503
2025-05-24 01:03:52,pepe,1.377712747758243e-05,3120822431.032805
2025-05-24 02:03:33,pepe,1.3783768327487716e-05,3052106072.7854214
2025-05-24 03:03:42,pepe,1.387834529968794e-05,2762033625.1246533
2025-05-24 04:04:51,pepe,1.4057289348980063e-05,2691745369.471956
2025-05-24 05:04:00,pepe,1.417081615245617e-05,2729986963.9238997
2025-05-24 06:03:58,pepe,1.3972719313711403e-05,2625706090.19655
2025-05-24 07:03:52,pepe,1.3897703918780577e-05,2586400737.548886
2025-05-24 08:03:40,pepe,1.3875199692683301e-05,2570372845.2910504
2025-05-24 09:01:18,pepe,1.3850589006198464e-05,2565942437.6814966
2025-05-24 10:03:47,pepe,1.3905208198808406e-05,2531700959.803996
2025-05-24 11:08:25,pepe,1.4073349061001766e-05,2476190918.6512027
2025-05-24 12:03:53,pepe,1.4027941507033902e-05,2353165125.1932316
2025-05-24 13:03:39,pepe,1.3994102381588127e-05,1923801154.5619705
2025-05-24 14:03:31,pepe,1.3890133443264755e-05,1872246705.9924028
2025-05-24 15:01:09,pepe,1.3942130185816947e-05,1729349402.0649652
2025-05-24 16:00:28,pepe,1.3839479975195018e-05,1613810790.1711714
2025-05-24 17:03:46,pepe,1.388448160922999e-05,1607915234.958684
2025-05-24 18:00:52,pepe,1.3962937075551128e-05,1492626728.2258189
2025-05-24 19:03:29,pepe,1.3873875361445672e-05,1516796361.3680239
2025-05-24 20:08:14,pepe,1.3837318813447183e-05,1443045977.9862459
2025-05-23 21:03:53,ethena-usde,1.0005887262893864,187378141.39965078
2025-05-23 22:03:27,ethena-usde,1.000763610791052,217243563.4094319
2025-05-23 23:03:34,ethena-usde,1.0010322624791783,224346814.15190428
2025-05-24 00:02:40,ethena-usde,1.001359133374611,227158751.6121077
2025-05-24 01:02:40,ethena-usde,1.0008612931235426,180896241.88187337
2025-05-24 02:04:02,ethena-usde,0.9999918763818691,180793052.56180122
2025-05-24 03:03:35,ethena-usde,1.0000670037073391,180123337.14809814
2025-05-24 04:08:32,ethena-usde,1.0005775862370425,178667657.32972613
2025-05-24 05:03:26,ethena-usde,1.0003748157864343,178206997.907073
2025-05-24 06:08:23,ethena-usde,1.0003266233992878,175350239.45347676
2025-05-24 07:03:39,ethena-usde,1.0006959648296911,176471901.4404383
2025-05-24 08:06:07,ethena-usde,1.0001238250970366,173605188.75540218
2025-05-24 09:07:52,ethena-usde,1.001213027368465,171914403.25181785
2025-05-24 10:03:28,ethena-usde,1.0007551184482197,170758927.16540605
2025-05-24 11:06:59,ethena-usde,1.00202245374095,170391711.2214371
2025-05-24 12:03:42,ethena-usde,1.0004651299916727,165109547.8371888
2025-05-24 13:03:43,ethena-usde,1.0004175067064698,153214533.65065312
2025-05-24 14:03:33,ethena-usde,1.0004953059131017,148936857.17425838
2025-05-24 15:03:34,ethena-usde,1.0008850614269698,146472428.17047557
2025-05-24 16:04:02,ethena-usde,1.0004819069829252,142436671.55814776
2025-05-24 17:04:03,ethena-usde,1.0007933268346871,141844372.03014895
2025-05-24 18:03:41,ethena-usde,1.0006897493025992,141288864.5559744
2025-05-24 19:03:29,ethena-usde,1.00116457932479,143611188.67023677
2025-05-24 20:08:16,ethena-usde,1.0006663561128397,132248761.71536157
2025-05-23 21:02:19,whitebit,31.802837757951163,57561236.22726286
2025-05-23 22:03:28,whitebit,31.815029759602023,57322514.584698275
2025-05-23 23:03:34,whitebit,31.754934678360076,57223174.495018855
2025-05-24 00:02:26,whitebit,31.71621277622834,50869694.089729145
2025-05-24 01:02:21,whitebit,31.772336522671456,59119459.43645715
2025-05-24 02:02:19,whitebit,31.698655089889822,37953839.745951906
2025-05-24 03:03:43,whitebit,31.747679187095187,56862141.86627681
2025-05-24 04:08:30,whitebit,31.802723478735057,57166122.69019456
2025-05-24 05:03:47,whitebit,31.775269933961734,37443618.83181821
2025-05-24 06:08:23,whitebit,31.809972537049774,56311987.80061524
2025-05-24 07:03:56,whitebit,31.65885523527919,36828844.01805339
2025-05-24 08:06:40,whitebit,31.738893062401463,54397300.425029136
2025-05-24 09:08:23,whitebit,31.75541278632525,53909674.206139565
2025-05-24 10:03:57,whitebit,31.71293902168319,35460942.729562715
2025-05-24 11:08:42,whitebit,31.846903016366895,52976754.115150474
2025-05-24 12:04:05,whitebit,31.8381966843981,51747428.38528478
2025-05-24 13:01:45,whitebit,31.78361709217918,41811250.73057351
2025-05-24 14:03:46,whitebit,31.820878227128034,32381173.614470158
2025-05-24 15:03:49,whitebit,31.867203274612688,27269294.713491794
2025-05-24 16:03:44,whitebit,31.848469213476235,33524893.79132274
2025-05-24 17:03:53,whitebit,31.90762047875986,37953816.62125882
2025-05-24 18:03:31,whitebit,31.865753632734133,27354582.04398902
2025-05-24 19:03:29,whitebit,31.911931477857895,35144285.03016772
2025-05-24 20:07:00,whitebit,31.869355102019107,30876068.83201607
2025-05-23 21:00:59,coinbase-wrapped-btc,108331.99413648984,436165142.23300254
2025-05-23 22:03:41,coinbase-wrapped-btc,108259.5876012301,444761162.27877444
2025-05-23 23:03:48,coinbase-wrapped-btc,107774.471246129,413200848.7831219
2025-05-24 00:02:24,coinbase-wrapped-btc,107273.9194929886,455845106.013695
2025-05-24 01:02:20,coinbase-wrapped-btc,107505.74603936507,430264385.74609447
2025-05-24 02:02:19,coinbase-wrapped-btc,107574.5577450821,399654650.15434635
2025-05-24 03:03:51,coinbase-wrapped-btc,107631.9854847476,409388229.574508
2025-05-24 04:08:31,coinbase-wrapped-btc,108293.51546291396,376694247.7344666
2025-05-24 05:03:30,coinbase-wrapped-btc,108505.90344773373,370168032.73482525
2025-05-24 06:08:03,coinbase-wrapped-btc,108184.59982436012,394564972.9131564
2025-05-24 07:03:45,coinbase-wrapped-btc,107906.34385413687,385541910.55812544
2025-05-24 08:06:05,coinbase-wrapped-btc,107893.34011551029,388358480.2606464
2025-05-24 09:00:13,coinbase-wrapped-btc,108125.02705758056,280319864.77451116
2025-05-24 10:03:32,coinbase-wrapped-btc,108176.15095578533,384283777.4292174
2025-05-24 11:08:41,coinbase-wrapped-btc,109342.23165544985,374484618.50734603
2025-05-24 12:02:45,coinbase-wrapped-btc,109250.31520964843,329700809.5304535
2025-05-24 13:03:32,coinbase-wrapped-btc,108810.80803656144,310662610.87035173
2025-05-24 14:03:55,coinbase-wrapped-btc,108672.52856694549,285752438.39902276
2025-05-24 15:04:06,coinbase-wrapped-btc,108911.08427725841,270319308.58168477
2025-05-24 16:04:02,coinbase-wrapped-btc,108881.24087925443,255751432.3699818
2025-05-24 17:04:10,coinbase-wrapped-btc,109002.10386861753,237801876.4901686
2025-05-24 18:03:21,coinbase-wrapped-btc,108944.44130765637,230776985.04570058
2025-05-24 19:03:34,coinbase-wrapped-btc,108850.25940108087,219538692.020436
2025-05-24 20:08:23,coinbase-wrapped-btc,108969.77881162042,212589895.57032767
2025-05-23 21:03:56,aave,257.022280172432,726551194.002199
2025-05-23 22:03:27,aave,258.84086623554805,759387969.3840481
2025-05-23 23:03:33,aave,258.74496165647344,764016894.2920852
2025-05-24 00:02:22,aave,255.2557328201199,784471880.8210686
2025-05-24 01:03:42,aave,255.1506466351463,803324025.2445959
2025-05-24 02:04:02,aave,252.8096915514127,796575309.2306334
2025-05-24 03:03:43,aave,253.2162142343135,786379737.6105515
2025-05-24 04:08:40,aave,254.42437163450757,779256577.5580463
2025-05-24 05:03:58,aave,259.46579132466525,800199168.7090197
2025-05-24 06:07:00,aave,259.15204888674145,798888347.4468707
2025-05-24 07:03:20,aave,257.7693268703621,814602661.4641848
2025-05-24 08:03:22,aave,259.4415937968534,798875950.1555996
2025-05-24 09:00:58,aave,259.4854128854282,799735599.049425
2025-05-24 10:03:45,aave,260.9030250270038,800025531.4369755
2025-05-24 11:08:37,aave,265.0278021550636,813451601.9578476
2025-05-24 12:04:02,aave,264.1836732216891,805854818.8614603
2025-05-24 13:03:41,aave,265.7340069092958,745507806.492299
2025-05-24 14:03:20,aave,266.7810321597694,708285705.4116932
2025-05-24 15:03:30,aave,266.8925797501305,685856787.9185591
2025-05-24 16:03:48,aave,270.76430121829463,701128085.6250734
2025-05-24 17:03:55,aave,272.0257115729364,711552203.4472057
2025-05-24 18:03:44,aave,270.6825354457632,713336711.5749763
2025-05-24 19:03:21,aave,268.1434767688441,724253739.4726793
2025-05-24 20:08:19,aave,266.09025728285627,707841998.952605
2025-05-23 21:02:30,dai,0.999777772994059,168274994.25922766
2025-05-23 22:03:29,dai,0.9999642619102936,144849629.18854094
2025-05-23 23:03:36,dai,0.9997652214265517,186258058.13250655
2025-05-24 00:02:23,dai,0.9996869090734269,189341080.62438643
2025-05-24 01:03:43,dai,1.0000454447449085,159411726.66025528
2025-05-24 02:04:02,dai,0.9999366927378509,131753746.44610076
2025-05-24 03:03:37,dai,1.0000022614856265,167287724.54085222
2025-05-24 04:08:29,dai,0.999918007490647,161002967.1841755
2025-05-24 05:03:58,dai,0.9995467954122785,166088658.51082337
2025-05-24 06:02:27,dai,0.999932434778642,168474374.61483926
2025-05-24 07:03:39,dai,0.9997721184091097,168459253.49397177
2025-05-24 08:03:39,dai,1.0000831612673255,158220953.1292919
2025-05-24 09:03:10,dai,0.9999680824267173,119747950.4847888
2025-05-24 10:00:54,dai,0.9998784982996318,129797012.90180694
2025-05-24 11:06:15,dai,0.9999597992349389,148221126.2801277
2025-05-24 12:03:51,dai,0.999943386756358,113109437.14352174
2025-05-24 13:03:44,dai,0.9997989909646807,126577179.96209173
2025-05-24 14:03:31,dai,1.00014933222198,109334929.62201425
2025-05-24 15:03:42,dai,1.0000533855011917,84597113.82894203
2025-05-24 16:03:38,dai,0.9998465467346767,94426618.12241109
2025-05-24 17:00:18,dai,1.0000763602416982,77105883.37301925
2025-05-24 18:00:08,dai,0.9997996358229388,96394854.47033143
2025-05-24 19:03:32,dai,0.9998908884824049,90960452.98404494
2025-05-24 20:08:25,dai,0.9999910525158404,71306446.26616219
2025-05-23 21:03:21,bittensor,435.376313551595,160460943.60586262
2025-05-23 22:03:22,bittensor,430.93820302260644,165340072.0255787
2025-05-23 23:03:35,bittensor,424.16467508867356,168965320.35064897
2025-05-24 00:03:33,bittensor,419.78135079761046,171991610.44263366
2025-05-24 01:04:03,bittensor,425.12882704133773,179743855.34264988
2025-05-24 02:03:36,bittensor,423.9116999912783,181326467.5580808
2025-05-24 03:03:59,bittensor,424.7142606429066,179907305.3798775
2025-05-24 04:03:15,bittensor,427.86124124647154,179203242.83611947
2025-05-24 05:04:01,bittensor,429.79634080262866,176737464.56838077
2025-05-24 06:01:55,bittensor,426.6310137593612,175259179.47345755
2025-05-24 07:03:49,bittensor,424.53367967047893,176650068.85030437
2025-05-24 08:03:37,bittensor,426.5520489287766,176383859.49006394
2025-05-24 09:08:11,bittensor,431.06993582986615,164679671.68197054
2025-05-24 10:03:53,bittensor,433.6132337566509,176514691.76108688
2025-05-24 11:02:50,bittensor,438.8927971832318,177273494.96309993
2025-05-24 12:03:27,bittensor,435.8713835758929,171590121.84763736
2025-05-24 13:03:46,bittensor,438.2765705885564,108165994.9333625
2025-05-24 14:03:23,bittensor,435.6156093938562,138697426.47321123
2025-05-24 15:03:32,bittensor,434.35338557256216,129787440.15214618
2025-05-24 16:03:37,bittensor,434.00655946136595,127253563.97334638
2025-05-24 17:03:44,bittensor,434.49714366161515,121598831.56727973
2025-05-24 18:03:41,bittensor,438.4690661085835,124131317.16199334
2025-05-24 19:03:34,bittensor,439.4228179558057,122147763.39355597
2025-05-24 20:06:06,bittensor,437.57123515332063,117851926.86452043
2025-05-23 21:03:50,near,2.8810912632011623,346508738.4279334
2025-05-23 22:03:16,near,2.8727862324004603,347729224.1956151
2025-05-23 23:03:47,near,2.860786361569352,351641670.2469268
2025-05-24 00:03:25,near,2.8057898050475156,358133780.5126772
2025-05-24 01:03:50,near,2.818181439877829,352463858.18023515
2025-05-24 02:04:02,near,2.813171104710912,345491111.6402627
2025-05-24 03:03:37,near,2.8175659915348974,335777213.9412602
2025-05-24 04:08:37,near,2.829670014758956,328049225.71277654
2025-05-24 05:04:02,near,2.8491232117847987,311135287.76148206
2025-05-24 06:00:28,near,2.8288730646497697,311038568.70237494
2025-05-24 07:00:09,near,2.820615689167395,304645743.33012587
2025-05-24 08:03:38,near,2.817334093373261,300813676.6443581
2025-05-24 09:03:32,near,2.8201893233933033,298582184.5801733
2025-05-24 10:03:01,near,2.8178679621956086,290882122.4091774
2025-05-24 11:08:32,near,2.847939083090257,286497420.4045768
2025-05-24 12:03:27,near,2.840533710640066,268336785.58191103
2025-05-24 13:03:50,near,2.8259563832969454,220011500.6478786
2025-05-24 14:03:46,near,2.8179983991971764,205795179.4187962
2025-05-24 15:04:08,near,2.8186380072284254,194777913.72240302
2025-05-24 16:02:18,near,2.8024587634979197,187793059.1823785
2025-05-24 17:02:37,near,2.8077559857990244,182600622.6269894
2025-05-24 18:03:40,near,2.810279785600168,180005557.46727937
2025-05-24 19:03:40,near,2.7875284660576263,180970884.21581817
2025-05-24 20:03:10,near,2.79456976954787,173661802.3501089
2025-05-23 21:03:16,aptos,5.472683150491068,273260994.3626809
2025-05-23 22:03:43,aptos,5.464977440709472,301406497.73644924
2025-05-23 23:04:01,aptos,5.438164110898258,298035018.0931205
2025-05-24 00:01:29,aptos,5.348832030416345,309326435.08766866
2025-05-24 01:00:59,aptos,5.373389195059102,309977789.52719873
2025-05-24 02:03:16,aptos,5.359135641354127,306997859.6180584
2025-05-24 03:03:33,aptos,5.3594484465478525,274830956.91031677
2025-05-24 04:03:16,aptos,5.363673493842185,291177867.36490095
2025-05-24 05:03:44,aptos,5.418920489189685,288277647.1771998
2025-05-24 06:03:06,aptos,5.3798293218693205,265020826.8636197
2025-05-24 07:03:33,aptos,5.3910141073004105,273753864.35357314
2025-05-24 08:06:08,aptos,5.406046580826697,272447137.7974615
2025-05-24 09:02:43,aptos,5.37833548145371,261982069.69490758
2025-05-24 10:02:41,aptos,5.372851581444687,260044230.42387456
2025-05-24 11:08:38,aptos,5.423044802152675,240287240.36332694
2025-05-24 12:01:06,aptos,5.4186687292583064,238411343.40395308
2025-05-24 13:03:38,aptos,5.399080963430723,213822600.8746833
2025-05-24 14:03:20,aptos,5.377916849920422,206075750.88273737
2025-05-24 15:03:36,aptos,5.398245595760481,180379670.08948925
2025-05-24 16:03:38,aptos,5.382525935256877,168487437.11686572
2025-05-24 17:03:49,aptos,5.385102165224547,161854168.2513353
2025-05-24 18:02:51,aptos,5.378668122003665,159842150.1184031
2025-05-24 19:03:31,aptos,5.370825278001395,160582814.66626778
2025-05-24 20:08:20,aptos,5.382997961852901,156852038.00811985
2025-05-23 21:03:21,okb,52.370943205247066,8487033.671154493
2025-05-23 22:03:21,okb,52.39616319601401,8495784.871992093
2025-05-23 23:03:27,okb,52.37004662120414,8551485.322621398
2025-05-24 00:03:23,okb,52.174293932688705,8879098.021414543
2025-05-24 01:03:29,okb,52.17756303558565,8791511.627836216
2025-05-24 02:03:17,okb,52.138605514949234,8755175.191544356
2025-05-24 03:03:21,okb,52.05784206301609,8318369.51771783
2025-05-24 04:03:13,okb,52.22930347857648,10197937.83407248
2025-05-24 05:03:27,okb,52.22517985860157,7297336.227161208
2025-05-24 06:03:11,okb,52.14182766001836,6533589.5746919075
2025-05-24 07:03:27,okb,52.17627464450897,9622239.923223378
2025-05-24 08:06:11,okb,52.12854926633129,7387927.711844248
2025-05-24 09:08:23,okb,52.207622907194455,6759889.66853172
2025-05-24 10:01:17,okb,52.22666872717403,6740012.175196016
2025-05-24 11:06:22,okb,52.298596661837166,7501717.545420104
2025-05-24 12:03:40,okb,52.192372436509245,7432095.149135407
2025-05-24 13:03:34,okb,52.351437406188644,5552943.016204681
2025-05-24 14:03:31,okb,52.36241369209885,5611555.87754093
2025-05-24 15:03:51,okb,52.30682634529002,5265349.601443659
2025-05-24 16:03:39,okb,52.295917241675404,5162414.18090339
2025-05-24 17:03:45,okb,52.389561411002326,6545846.131091698
2025-05-24 18:03:23,okb,52.26783006402622,4876922.891466403
2025-05-24 19:03:31,okb,52.28746585613677,6539211.226350752
2025-05-24 20:03:36,okb,52.30289393424228,6538674.583601468
2025-05-23 21:04:17,jito-staked-sol,213.3785635781725,76438177.07207993
2025-05-23 22:04:16,jito-staked-sol,213.0093318542365,76487530.02955464
2025-05-23 23:04:23,jito-staked-sol,211.65575250997193,76064736.75418696
2025-05-24 00:04:18,jito-staked-sol,209.3801984551133,77083184.49509844
2025-05-24 01:04:25,jito-staked-sol,208.54310901917876,76337061.880977
2025-05-24 02:04:26,jito-staked-sol,209.3950289912162,75869985.46543886
2025-05-24 03:04:22,jito-staked-sol,210.47928943836519,68860533.29299198
2025-05-24 04:09:01,jito-staked-sol,210.4291073698245,72206130.52499703
2025-05-24 05:04:27,jito-staked-sol,211.8791458585452,71561562.14887694
2025-05-24 06:08:47,jito-staked-sol,210.79225131546337,72384355.86353897
2025-05-24 07:04:19,jito-staked-sol,209.72073429949938,71591396.43435563
2025-05-24 08:08:31,jito-staked-sol,209.46361316275994,69924884.06026682
2025-05-24 09:08:47,jito-staked-sol,210.7184773966986,60603288.460129686
2025-05-24 10:04:20,jito-staked-sol,211.03612904667963,61365520.43404995
2025-05-24 11:09:06,jito-staked-sol,213.69917073226438,60192191.13664924
2025-05-24 12:04:29,jito-staked-sol,213.11393114479512,56272447.10123107
2025-05-24 13:04:23,jito-staked-sol,212.60414206018928,54313401.727324024
2025-05-24 14:04:18,jito-staked-sol,211.6724338621132,43276249.10237362
2025-05-24 15:04:29,jito-staked-sol,212.83702073361476,46192380.73923528
2025-05-24 16:04:25,jito-staked-sol,212.17312621938873,45654067.96013897
2025-05-24 17:04:33,jito-staked-sol,212.45020991043785,33183507.41925632
2025-05-24 18:04:12,jito-staked-sol,213.20498808091418,34876193.73624552
2025-05-24 19:04:11,jito-staked-sol,212.91578677983648,36718208.85518571
2025-05-24 20:08:52,jito-staked-sol,213.2199751533136,37890044.863354266
2025-05-23 21:03:34,blackrock-usd-institutional-digital-liquidity-fund,1.0,0.0
2025-05-23 22:03:34,blackrock-usd-institutional-digital-liquidity-fund,1.0,0.0
2025-05-23 23:03:41,blackrock-usd-institutional-digital-liquidity-fund,1.0,0.0
2025-05-24 00:03:28,blackrock-usd-institutional-digital-liquidity-fund,1.0,0.0
2025-05-24 01:03:35,blackrock-usd-institutional-digital-liquidity-fund,1.0,0.0
2025-05-24 02:03:36,blackrock-usd-institutional-digital-liquidity-fund,1.0,0.0
2025-05-24 03:04:00,blackrock-usd-institutional-digital-liquidity-fund,1.0,0.0
2025-05-24 04:08:32,blackrock-usd-institutional-digital-liquidity-fund,1.0,0.0
2025-05-24 05:00:47,blackrock-usd-institutional-digital-liquidity-fund,1.0,0.0
2025-05-24 06:03:14,blackrock-usd-institutional-digital-liquidity-fund,1.0,0.0
2025-05-24 07:03:47,blackrock-usd-institutional-digital-liquidity-fund,1.0,0.0
2025-05-24 08:06:26,blackrock-usd-institutional-digital-liquidity-fund,1.0,0.0
2025-05-24 09:08:22,blackrock-usd-institutional-digital-liquidity-fund,1.0,0.0
2025-05-24 10:03:33,blackrock-usd-institutional-digital-liquidity-fund,1.0,0.0
2025-05-24 11:03:14,blackrock-usd-institutional-digital-liquidity-fund,1.0,0.0
2025-05-24 12:03:25,blackrock-usd-institutional-digital-liquidity-fund,1.0,0.0
2025-05-24 13:03:09,blackrock-usd-institutional-digital-liquidity-fund,1.0,0.0
2025-05-24 14:03:27,blackrock-usd-institutional-digital-liquidity-fund,1.0,0.0
2025-05-24 15:01:08,blackrock-usd-institutional-digital-liquidity-fund,1.0,0.0
2025-05-24 16:03:51,blackrock-usd-institutional-digital-liquidity-fund,1.0,0.0
2025-05-24 17:04:00,blackrock-usd-institutional-digital-liquidity-fund,1.0,0.0
2025-05-24 18:03:38,blackrock-usd-institutional-digital-liquidity-fund,1.0,0.0
2025-05-24 19:03:32,blackrock-usd-institutional-digital-liquidity-fund,1.0,0.0
2025-05-24 20:05:23,blackrock-usd-institutional-digital-liquidity-fund,1.0,0.0
2025-05-23 21:01:58,ondo-finance,0.9571804632365648,304374581.5503777
2025-05-23 22:00:59,ondo-finance,0.9543501785408542,320947666.0549505
2025-05-23 23:03:38,ondo-finance,0.9494990331141104,321271024.0479879
2025-05-24 00:03:55,ondo-finance,0.9365100312169117,383393082.41561
2025-05-24 01:02:49,ondo-finance,0.9367843042079582,313190502.0936025
2025-05-24 02:02:44,ondo-finance,0.9390234138622552,311232996.51176053
2025-05-24 03:00:27,ondo-finance,0.9416799428009768,300911671.0103187
2025-05-24 04:08:40,ondo-finance,0.9508563443900091,291028056.5646976
2025-05-24 05:03:55,ondo-finance,0.9553853404891608,282445388.7340428
2025-05-24 06:03:09,ondo-finance,0.9512742956038893,275317208.7487525
2025-05-24 07:03:41,ondo-finance,0.9495137284055406,270290579.9387659
2025-05-24 08:03:47,ondo-finance,0.948907334660161,264170847.75437272
2025-05-24 09:02:39,ondo-finance,0.9484286126160675,260018652.60136372
2025-05-24 10:03:53,ondo-finance,0.9498330771801468,254764387.13111687
2025-05-24 11:08:33,ondo-finance,0.9615793821450204,244462289.36975718
2025-05-24 12:04:04,ondo-finance,0.9587661647649516,231867584.0892757
2025-05-24 13:03:45,ondo-finance,0.9566273609094855,183212207.2884114
2025-05-24 14:03:37,ondo-finance,0.9539478357164303,166521775.3033791
2025-05-24 15:02:11,ondo-finance,0.9576704120975688,157926000.75391322
2025-05-24 16:01:20,ondo-finance,0.9560022178405636,150681634.33348855
2025-05-24 17:03:43,ondo-finance,0.9540097413165082,144636421.75432247
2025-05-24 18:03:27,ondo-finance,0.9546230296081122,140165350.40088058
2025-05-24 19:03:30,ondo-finance,0.9527049381233752,144926355.77121133
2025-05-24 20:07:46,ondo-finance,0.9482533814679667,136538403.85187936
2025-05-23 21:03:54,crypto-com-chain,0.0965412135043628,30835183.397764567
2025-05-23 22:03:48,crypto-com-chain,0.09654267588865827,30698288.794144664
2025-05-23 23:00:44,crypto-com-chain,0.09639771422023374,31774952.61559543
2025-05-24 00:03:47,crypto-com-chain,0.09483368302449573,31705592.743014935
2025-05-24 01:03:54,crypto-com-chain,0.09536190224083989,31477424.247190695
2025-05-24 02:04:03,crypto-com-chain,0.09550973170221835,31425266.581525818
2025-05-24 03:04:00,crypto-com-chain,0.0957487404162849,30299716.045571364
2025-05-24 04:01:37,crypto-com-chain,0.09623341244600325,29848794.838606026
2025-05-24 05:03:35,crypto-com-chain,0.09662284238820971,29381137.03804792
2025-05-24 06:08:22,crypto-com-chain,0.09660329232251598,29056029.08157435
2025-05-24 07:03:54,crypto-com-chain,0.09641912447199523,28396664.06758433
2025-05-24 08:06:20,crypto-com-chain,0.09674528646797381,27892435.606063318
2025-05-24 09:08:09,crypto-com-chain,0.09690369512583585,27365575.163751632
2025-05-24 10:03:47,crypto-com-chain,0.09655917567727988,27274181.338326786
2025-05-24 11:01:58,crypto-com-chain,0.09701523021330946,27050574.108593952
2025-05-24 12:04:05,crypto-com-chain,0.0970454613163023,25843595.833527748
2025-05-24 13:03:53,crypto-com-chain,0.09700246310096897,22130518.731025774
2025-05-24 14:03:39,crypto-com-chain,0.09654350469288339,20262537.038369015
2025-05-24 15:03:45,crypto-com-chain,0.09632800047837531,19645901.94861595
2025-05-24 16:03:38,crypto-com-chain,0.09624451819275734,19366767.645553406
2025-05-24 17:03:21,crypto-com-chain,0.09634393909447245,18829734.099939622
2025-05-24 18:01:02,crypto-com-chain,0.09637152870546811,18765779.83338842
2025-05-24 19:03:32,crypto-com-chain,0.096139967813814,18750774.372925866
2025-05-24 20:05:40,crypto-com-chain,0.09589081087261742,18501194.24052026
2025-05-23 21:01:54,ethereum-classic,18.902553899091966,118116890.51789673
2025-05-23 22:01:21,ethereum-classic,18.863919273257245,119159248.33350682
2025-05-23 23:04:01,ethereum-classic,18.731194236401166,116958040.55211087
2025-05-24 00:03:55,ethereum-classic,18.50085583557262,116567145.57798538
2025-05-24 01:03:59,ethereum-classic,18.53447308074658,111899791.57953219
2025-05-24 02:04:00,ethereum-classic,18.515655366925387,108737124.06443843
2025-05-24 03:03:42,ethereum-classic,18.59345848135926,104025939.08146058
2025-05-24 04:03:15,ethereum-classic,18.640490613180667,101838293.99825379
2025-05-24 05:03:58,ethereum-classic,18.70392232495693,94996331.01969987
2025-05-24 06:03:14,ethereum-classic,18.594585180376725,94967297.34011337
2025-05-24 07:03:53,ethereum-classic,18.59767753397671,92630887.33314905
2025-05-24 08:03:35,ethereum-classic,18.624904926785998,91511503.09275226
2025-05-24 09:06:33,ethereum-classic,18.672940442053925,87120016.63619164
2025-05-24 10:03:36,ethereum-classic,18.662005986460777,87866985.85126916
2025-05-24 11:08:35,ethereum-classic,18.774548446343385,89000250.12386909
2025-05-24 12:03:37,ethereum-classic,18.70174875337578,86364162.71215114
2025-05-24 13:00:29,ethereum-classic,18.641866268118644,75477256.39192012
2025-05-24 14:03:23,ethereum-classic,18.617550665209453,70877316.14450532
2025-05-24 15:03:33,ethereum-classic,18.627858904266482,69256435.43712789
2025-05-24 16:03:36,ethereum-classic,18.59502294580998,67694455.74230604
2025-05-24 17:02:13,ethereum-classic,18.623578813168177,63729010.16566802
2025-05-24 18:01:59,ethereum-classic,18.61780838162886,61873629.29837521
2025-05-24 19:03:33,ethereum-classic,18.570555762695694,61366344.67367749
2025-05-24 20:03:12,ethereum-classic,18.569223453986137,59535028.18873208
2025-05-23 21:03:27,kaspa,0.10920962661672176,108596433.74342954
2025-05-23 22:03:34,kaspa,0.10899257602983432,109157688.50983602
2025-05-23 23:03:54,kaspa,0.10838097257118033,108301325.09148192
2025-05-24 00:03:20,kaspa,0.10649444751036106,110699446.97510323
2025-05-24 01:03:45,kaspa,0.1074306636238637,112397373.42132561
2025-05-24 02:00:04,kaspa,0.10794457671283242,112829023.67141508
2025-05-24 03:03:36,kaspa,0.10809147512747751,109866389.73054421
2025-05-24 04:08:30,kaspa,0.10894619578541108,107523631.61027597
2025-05-24 05:04:03,kaspa,0.10925501308519289,105525385.30191873
2025-05-24 06:08:15,kaspa,0.10871206688011129,103331812.48466124
2025-05-24 07:03:49,kaspa,0.10849407687118065,100478863.11640581
2025-05-24 08:03:41,kaspa,0.10849955612875134,100201908.0938233
2025-05-24 09:06:18,kaspa,0.1093416939103823,98365556.47193424
2025-05-24 10:03:27,kaspa,0.10902056796629687,96846321.91393504
2025-05-24 11:08:44,kaspa,0.11034326907726351,90378296.18546115
2025-05-24 12:03:55,kaspa,0.11027286910457312,91534773.1723941
2025-05-24 13:03:48,kaspa,0.10999090849504461,72936164.8786602
2025-05-24 14:02:23,kaspa,0.1102169845898519,67443086.08879928
2025-05-24 15:04:08,kaspa,0.11018760514094089,63826151.33931906
2025-05-24 16:03:35,kaspa,0.10962132536947095,62591263.02671536
2025-05-24 17:04:09,kaspa,0.10942578446992983,61120088.44236757
2025-05-24 18:03:30,kaspa,0.10935871432728589,56606619.781422056
2025-05-24 19:03:32,kaspa,0.10876020250862527,55058734.08749403
2025-05-24 20:03:16,kaspa,0.10919475176966852,53828444.97789326
2025-05-23 21:00:41,internet-computer,5.368567304263379,82802922.91972938
2025-05-23 22:03:07,internet-computer,5.3348741023886355,82844708.41685124
2025-05-23 23:03:16,internet-computer,5.311779308863325,82563182.793069
2025-05-24 00:03:13,internet-computer,5.238899696276384,81438644.00754932
2025-05-24 01:03:35,internet-computer,5.263408889077639,85753978.3791162
2025-05-24 02:03:29,internet-computer,5.23938945400431,86698535.25994615
2025-05-24 03:03:29,internet-computer,5.266397984185755,77534702.07004087
2025-05-24 04:08:29,internet-computer,5.274797819629312,82397842.85370201
2025-05-24 05:04:03,internet-computer,5.306825664714508,81320833.61539271
2025-05-24 06:03:13,internet-computer,5.284281525812909,80558918.20334153
2025-05-24 07:03:19,internet-computer,5.257540036861478,70694471.9101142
2025-05-24 08:03:41,internet-computer,5.25396315964086,78265049.37948248
2025-05-24 09:03:21,internet-computer,5.250695118042794,77180715.74151556
2025-05-24 10:03:38,internet-computer,5.246203595463081,69805084.88152091
2025-05-24 11:03:20,internet-computer,5.299041373815953,76275187.87313193
2025-05-24 12:04:05,internet-computer,5.294081541939281,74934219.59959742
2025-05-24 13:03:58,internet-computer,5.278136200221762,65201942.61565063
2025-05-24 14:03:33,internet-computer,5.2887376316676,56941206.36031467
2025-05-24 15:04:01,internet-computer,5.31089941211231,62090856.58456888
2025-05-24 16:03:36,internet-computer,5.2948049321524895,60901671.68184811
2025-05-24 17:03:45,internet-computer,5.2848644591712075,60092901.72183829
2025-05-24 18:01:31,internet-computer,5.283288334636322,59172749.05688161
2025-05-24 19:03:33,internet-computer,5.249054968874216,59077637.43817441
2025-05-24 20:04:47,internet-computer,5.257135767687395,58353780.556642346
